ConÂ­tent,Video title,Video pubÂ­lish time,Views,Watch time (hours),SubÂ­scribers,EsÂ­timÂ­ated revÂ­enÂ­ue (USD),ImÂ­presÂ­sions,ImÂ­presÂ­sions click-through rate (%)
Total,,,6766111,288238.2556,38284,938.812,48659299,8.44
bx9xiNtr314,DISC POOL CARROM//GAME PLAYTHROUGH//BREAK TO FINISH//PARTHA,"Apr 11, 2019",462210,16546.1134,2128,57.246,3774358,7.88
wSaIPOkEgvI,CRAZY TRICKS! Carrom Pool,"Jul 29, 2019",149897,5832.2602,1473,26.184,1514023,7.44
5OTOmj9eODU,Carrom pool voice over/hindi/with my voice/Carrom Pool Partha,"May 30, 2020",69907,4198.0124,1236,12.754,570928,8.93
XBQ_27-f090,Basic striker//Blaze //Game playthrough,"Apr 18, 2019",404065,20099.2366,1223,31.217,1641173,9.23
3dWZbpKbOOs,ğŸ’¥150 LEVEL COMPLETE ğŸ’¥in Carrom Disc Poolâœ¨Gaming Partha,"Nov 15, 2020",125107,3384.6629,963,23.364,836083,12.41
A2KVNlbOahM,Punch shot Tutorial/carrom pool /Partha,"May 11, 2019",105109,3385.1842,952,10.644,886264,9.49
msx03npDqbQ,Best Finishes// Amazing Trick shots /Partha,"May 9, 2019",106613,5803.9477,897,10.389,1285596,5.4
3zszFG8Td0w,How to play advance shots/Basics/Carrom Pool,"Jun 3, 2020",47345,2951.7669,656,7.577,376935,8.72
iZ9cKPtVOqo,Carrom Pool Partha| Paris To New York with Blaze Striker,"Jun 13, 2019",83265,4766.0882,583,11.008,805370,7.01
DNhPQiqnouQ,ğŸ˜«Risking All Coins ğŸ’¥ğŸ˜®|High risk gameplay | Carrom Pool |  Gaming Partha,"Oct 27, 2021",52905,3172.225,548,13.402,409668,9.7
Z0hDSejfqAU,ğŸ’¥God level ğŸ˜ Perfect Shot | Carrom Pool | Gaming Partha #shorts #shortvideo #gamingpartha,"Oct 29, 2021",39841,334.4082,494,0.449,64769,14.77
kP7CCyfwHss,HOW TO WIN | CARROM POOL |TWISTER |PARTHA,"Apr 4, 2019",95606,5604.1166,494,10.246,1098065,5.72
YzRE1d_HS0A,Break To Finish/Different way/Carrom Pool,"Feb 23, 2020",75979,3428.8088,474,9.917,571296,9.3
qftP-geLxDc,Toofan id giveaway with 2 million coinsğŸ”¥toofan à¤†à¤ˆà¤¡à¥€ à¤•à¤¾ giveaway /carrom pool,"Aug 16, 2020",7177,195.337,390,0.839,43639,10.39
Az_OwbYX9Vk,How to defend your Hackers | à¤¹à¥ˆà¤•à¤°à¥à¤¸ à¤¸à¥‡ à¤¬à¤šà¤¾à¤µ à¤•à¥ˆà¤¸à¥‡ à¤•à¤°à¥‡à¤‚ | CarromPoolPartha,"Jun 24, 2020",40001,2672.6988,378,7.872,407087,7.18
0Es2mETaYUo,How to unlock strikers in new update /miniclip game,"Jun 14, 2019",80682,3612.7296,357,14.946,680858,9.31
Q4Jjnsg7nrQ,ğŸ”¥Partha vs Wasim alviğŸ”¥ Current World topper ğŸ˜ | Carrom pool | Gaming partha,"Jun 23, 2021",30278,2034.6284,348,7.079,284399,7.99
BlAiT-nLIpA,What's next after 150 level?ğŸ¤”Id ban? or you can't play anymore?ğŸ˜³ Carrom pool,"Dec 22, 2020",29217,902.5188,335,3.798,158443,14.71
7clzmByDkE8,SINGAPORE GAME PLAYTHROUGH / BREAK TO FINISH,"Aug 12, 2019",46675,1727.3714,328,4.236,383906,8.72
8-3A37LvIB4,Kazi vs Partha // Friendly match,"Mar 29, 2019",57516,1223.1479,321,3.991,407644,10.29
jSnL2pwN2YM,Daisy strikerğŸ”¥ Flare power ğŸ’ªPowerful Gameplay ||Carrom Pool /Gaming Partha,"Nov 1, 2020",28251,1412.2339,319,7.101,214451,9.41
l4F918wbIlw,Maya striker | Legendary Scarab striker Giveaway | Carrom Pool,"Aug 27, 2020",13256,393.2723,306,2.517,76692,12.37
L-wAD7bjkU8,Carrom Disc Pool||Gameplay||vs Amir||Break to finish||Partha,"Jun 3, 2019",30209,1141.7506,283,2.824,247555,9.4
_HHszA8XG9c,Singapore golden chest open ğŸ”“ carrom pool,"Aug 17, 2020",32810,1182.2983,278,4.1,187514,12.93
4YTtaShKEME,Freestyle carrom/Break to finish/New update/carrom pool,"Sep 13, 2019",48881,2562.2563,275,8.85,408723,9.04
ukBH6KbOcNs,#shorts ğŸ˜­World best lucky shot ğŸ’¥ | Carrom Pool | Gaming Partha #shortvideo,"Sep 8, 2021",103492,843.6663,249,0,51693,12.71
 --dpHkF29Gk,Game changing gameplays/Carrom pool,"Sep 1, 2019",35655,1721.1954,243,5.516,371185,6.74
FhM0ZVi1jw8,Gameplaythroughs //Partha,"May 7, 2019",32039,1507.0243,235,3.441,218867,10.8
UoKOXYKs-kY,How to release pucks from difficult situations|Carrom pool,"Mar 17, 2020",32241,1640.2464,230,3.826,249783,8.58
BhoaskD3Sys,Coins Giveaway Carrom pool / defensive game tutorial,"Aug 9, 2020",9181,579.2981,212,1.864,90028,7.09
MYZVn39THIA,Great kiss shots/Top Finishers/Carrom pool show 3/CarromPoolPartha,"Jun 14, 2020",26739,1140.8264,210,2.173,211031,8.83
vCMZGfKvddE,"FINALLY ğŸ’¥1,00,000 GemsğŸ˜± Collected ğŸ˜ How to collect??Carrom Pool | Gaming Partha","Nov 20, 2021",20906,841.2788,209,6.073,123400,12.37
K7QyLhnq07U,HOW TO DEFEAT HACKERS /carrom pool users must watch/partha,"Apr 17, 2019",35171,1528.2527,208,2.228,417926,6.74
KnwFf-i-YnQ,Junior Partha Gameplay/Carrom Pool Partha,"Oct 12, 2019",36834,1775.1538,208,3.898,308942,8.73
wCcs9gVk6x0,Giveaway âœ¨6M coinsğŸ‘‰3 winners /Carrom pool /Gaming Partha,"Nov 16, 2020",8860,439.5382,203,3.132,72466,8.28
B9BiHJF8k18,Crazy tricks/INSANE II/Carrom Pool Partha,"Oct 25, 2019",28052,1223.478,197,5.252,208976,9.08
O2_v0iCL0ZI,Partha Vs Kazi Live,"Mar 22, 2020",30892,2295.3015,193,7.827,270942,8.44
0T2gZvBryJc,How to play Carrom Pool / learning tips,"Aug 5, 2020",12992,937.1571,184,3.095,129818,7.08
uxZHU7JbdF4,DISC  POOL CARROM//GAME PLAYTHROUGH//PARTHA,"Apr 12, 2019",44265,2526.6569,171,4.012,273143,8.7
6seVdanWB00,Useful Trick shots/Carrom Pool Partha,"Jul 7, 2019",22705,1058.345,170,2.021,247936,6.08
t2NCj2x7vCI,#discpoolcarrom #carrompool #Game playthrough//Twister//Partha,"Apr 20, 2019",34706,2418.333,169,1.978,326242,6.36
H08Jbotwub0,OMGğŸ˜±Live recording ğŸ’¥ Phenomenon gameplay | Carrom Pool | Gaming Partha,"Dec 6, 2021",18452,689.218,168,4.886,94847,13.19
NxImwi05tko,I met a special hacker! ğŸ˜‰Singapore plaza amazing gameplaysğŸ”¥Carrom pool,"Dec 2, 2020",14308,795.469,165,3.048,107189,9.41
d7Z2JaBHqkA,CARROM POOL NEW UPDATES/Carrom Pool Partha,"Jun 13, 2019",31291,811.4539,165,5.723,318781,8.25
0_qGpEBTmC8,Long time no see/Thanks for subscribing/Carrom Pool Partha,"Sep 26, 2019",27386,2106.2576,164,7.341,316750,5.88
1KDryuaqgaU,ğŸ’¥Nazim vs ParthağŸŒ€ Legendary Fight | Mastermind Gameplay ğŸ”¥ Carrom Pool | Gaming Partha,"Dec 5, 2021",22900,1038.1979,161,6.574,130636,11.59
kT_z6vQmyf4,Carrom pool Partha live!,"Oct 29, 2019",39460,3021.9595,161,10.418,355282,6.91
HarLFdb8xos,Carrom pass/Wildlife season/unlocking,"Jun 11, 2020",17221,897.5556,159,2.503,120284,9.87
DIe3RJkPDyE,HOW TO MAKE PERFECT LUCKY SHOTS||Disc Pool Carrom||Partha,"Jun 5, 2019",41722,1057.5378,154,5.268,303017,10.95
I1-Wpacyqzk,Carrom pool  tricks tips gameplay/carrom pool partha,"Feb 14, 2020",28039,1622.0992,154,6.152,265284,7.32
4Ohe2mtr_Os,Gameplay during corona lockdown||Carrom pool,"Apr 5, 2020",22334,1206.2283,151,1.71,189879,7.81
q34C2AnZg6k,Get KINGğŸ‘‘Pucks for FREE | 100% NO HACKğŸ¤¯ NO GGğŸ‘ˆ | Carrom pool | Gaming Partha,"Aug 1, 2021",17548,658.4751,150,2.455,106092,11.17
1oWeSD08Lso,UNLOCKING TWISTER||Disc Pool Carrom||Partha,"Jun 6, 2019",29334,733.6097,144,2.704,221725,10.03
cfKZB2foLAE,How to make positions much easier/ carrom pool partha,"Aug 19, 2019",20696,1156.6135,142,3.843,217177,6.65
rP5rGz-gpC8,ğŸ”¥Partha Vs Muhammad Hawaii ğŸ”¥ğŸ‘‰ LIVE matches ğŸ˜®ğŸ¤¯ Carrom pool || Gaming Partha,"Jun 20, 2021",17647,860.4546,140,3.507,124681,10.59
7WmofR1Xn2Q,Topshot series#01/break to finish /partha,"Mar 30, 2019",26783,721.2778,139,1.125,140350,11.09
M9U2gVVziYg,Partha vs Muhammad Hawaii ğŸ”¥Big match ğŸ˜must watch / Gaming Partha /Carrom Pool,"Nov 3, 2020",14235,785.2605,138,4.315,113872,8.83
PU-lIHm56tU,How to defeat hackers / Carrom Pool Partha,"Jul 26, 2020",20891,1604.6099,138,3.667,243458,6.04
zgYuwYpAHgw,She was crying but I didn't leftğŸ˜’Carrom Pool ğŸ”¥Gaming Partha,"Sep 29, 2020",13124,789.2149,136,2.886,96978,9.08
I39ZSOgbCoE,Sri vs Partha ğŸ”¥ Breath taking gameplay | Carrom pool | Gaming Partha,"Aug 5, 2021",25207,1848.0116,132,4.729,211370,8.47
9rJXyRTc0iE,Don't miss to watch that shot! ğŸ‘¹| CarromPoolPartha,"Jul 13, 2020",25203,1583.8329,131,3.823,197140,9.15
zvIcqV92d7w,ğŸ¤¯Most Impossible shot ğŸ”¥ | Carrom pool | Gaming Partha #shorts #shortvideo,"Jul 15, 2021",26358,250.8336,130,0.93,64322,13.77
qv7cVtSLFi0,Wings Legendary Striker | Gameplay/Break to finish /kiss shots |CarromPoolPartha,"Jul 5, 2020",26315,1399.5989,128,3.366,201536,9.27
tuwrMOb0Wr4,Singapore Golden Chest Open And Knot Striker Gameplay || Carrom Pool || Gaming Partha,"Aug 22, 2020",22813,1297.2895,127,2.501,162301,9.67
S110ff_5Fvw,I made an excellent Triple shot!/Black slam with Queen cover/CarromPool,"Jun 18, 2020",18917,1210.3724,125,2.359,159133,8.23
zThGLAaux4o,ğŸ˜±Most Impossible Indirect shot ğŸ”¥ | Carrom pool | Gaming Partha #shorts #shortvideo,"Jul 20, 2021",24200,221.1679,122,0.387,72747,11.36
jHty0Pnnklc,Marble clash Fun park/1M table gameplayğŸ”¥Beach Holiday 500K table,"Mar 4, 2021",19239,999.5085,120,3.126,166504,8.63
91cmG27cHQg,INDIRECTLY GAMEPLAY / CARROM POOL USERS MUST WATCH /PARTHA,"May 16, 2019",26377,1568.2308,117,1.721,237799,8.1
XYvnqcvrwVI,Partha vs Muhammad ğŸ”¥ | No mercy |  Carrom pool | Gaming partha,"Jul 7, 2021",7957,561.0616,114,1.136,71722,7.91
W7qxwYn5uNc,Javed Khan vs Muhammad Hawaii historical fight in Carrom Pool history ğŸ’°Play Texaal earn real money ğŸ¤‘,"Jan 13, 2021",14466,756.781,113,2.702,118234,9.24
eqHbQc5SecI,Marble pass unlockğŸ”“marble clash season passâ¤ï¸love season,"Feb 16, 2021",16277,780.3881,112,3.364,134104,8.88
3cWzSsJ-jnk,Never Give Up //Mohsin Vs Partha,"Apr 25, 2019",18677,1698.462,111,2.529,231248,5.54
q-vPHfnhO0Q,#shorts ğŸ’¯ğŸ’¥Insane break2Finish ğŸ”¥ Carrom Pool | Gaming Partha #shortvideo #short,"Sep 14, 2021",35393,312.7342,110,0,28232,10.03
miLowQapyZc,Carrom Pool New Update / All new 7 Power mode gameplays,"Sep 17, 2020",13712,414.7085,108,2.516,80091,12.28
pVpCVsQikCw,ğŸ˜‚Faltu Girlâ€¼ï¸ğŸ¤¯ğŸ˜µWTF moments ğŸ’¥ Carrom Pool | Gaming Partha,"Feb 5, 2022",10404,620.4657,104,2.152,87028,7.92
yeQNbKXWcko,"""Eby vs Partha""//""SLAM Vs SLAM""//By Partha","Apr 8, 2019",27317,1005.3866,104,1.541,207893,9.6
ySLn49-7OWE,Tricks and tips/ Carrom Pool /misses and defend,"Sep 14, 2020",18977,1101.7104,103,4.105,127849,10.12
EquPnmIdW30,Indirect/Break to finish/Carrom Pool/Carrom Pool Partha,"May 27, 2020",18095,1087.2481,102,3.138,142853,8.6
GfOFizpHsBE,I break his win streak ğŸ˜Carrom Pool /Awesome gameplay,"Sep 21, 2020",18229,868.1903,102,3.71,101061,12.35
qcVCucqa3r4,Rowdy vs ParthağŸ”¥Big matchğŸ”¥Carrom Pool,"Aug 19, 2020",14579,662.0047,99,1.676,119856,8.51
TglzjTkx0UU,Carrom pool show 2/ Carrom Pool Partha,"May 9, 2020",24904,823.483,98,1.922,154388,8.31
hvr-ZhDjy90,ğŸ˜œMy Crazy OpponentğŸ¤¯Look at his Confidence â€¼ï¸Carrom Pool |  Gaming Partha,"Jan 22, 2022",11774,742.9274,97,2.565,107137,7.51
O2JfvyDVKUs,ğŸ”¥INDIRECT VS DIRECT GAMEPLAYğŸ”¥CARROM POOL USERS MUST WATCH THIS/PARTHA,"May 20, 2019",20367,889.9416,94,1.5,175006,8.34
hJviC3lJUs0,ğŸ”¥ROWDY ka mazak ban gayağŸ˜ğŸ˜…Carrom pool |Gaming partha,"Jun 29, 2021",12846,774.4389,94,3.079,80333,12.05
mIW1bEUnFIo,HE THOUGHT I COULDN'T WIN THIS!/Carrom Pool Partha,"Jun 27, 2019",20511,1026.5841,93,2.217,214804,6.71
xYzpgxHWOCI,Gameplay with Daisy|| Legendary striker|| Carrom pool,"Aug 23, 2020",14506,465.9408,93,1.771,95901,11.09
WmVDlur7f0E,Big MISTAKE ğŸ¤• | Bilkul maat karna ğŸ‘ˆ | Carrom pool | Gaming Partha,"Jul 10, 2021",5667,399.9756,92,0.899,56265,6.52
0z1dSa0vIOw,Top Shots Series #02 //break to finish  //Partha,"Apr 1, 2019",27306,786.4937,91,2.235,195176,9.93
BjGiprMKKB0,Carrom pool| |violet striker|â€¢|Carrom pool partha,"Mar 27, 2020",21178,735.7618,90,2.184,179420,7.84
lFk2N3_6IXY,The Carrom Pool Show || Carrom Pool Partha,"May 7, 2020",23954,931.7196,89,2.492,151421,8.69
uAMzzh_dR48,He missed his chance and I finished it! Carrom Pool gameplay ||Singapore plaza New York square,"Oct 14, 2020",11708,740.9992,89,3.878,104708,7.23
3rFFR7USf4s,Ban luluboxğŸ¤¬lulubox ko ban karo! Carrom Pool,"Dec 15, 2020",12367,809.7625,88,3.356,119395,6.97
2_Nz-kv74ks,2 continuous matches with hackerğŸ¤­defeat hacker/Carrom pool,"Dec 8, 2020",12117,581.3118,87,1.924,83112,10.25
pTcXkP482Ys,ğŸ˜DANGEROUS LUCKY SHOT ğŸ”¥ Carrom pool |Gaming partha #shorts #carrompoolshorts,"Jun 25, 2021",25155,187.7475,87,0,70737,9.46
KFVVs0H7nWc,Amazing gameplay / Hard finish / Carrom Pool Partha,"Jul 30, 2020",12667,803.4373,83,1.947,94197,9.56
S3FpYvDBe-4,He is calling my name while playing ğŸ˜carrom disc pool,"Oct 23, 2020",13052,786.2319,83,4.17,113695,7.77
eTm2-hlpM1g,New Update Gameplay/Comet/Carrom Pool Partha,"Jun 14, 2019",24698,1038.791,83,3.764,235338,7.63
ADw1il62awE,Disc  Pool Carrom//Black Slam//Game play//Partha,"Apr 10, 2019",25645,1548.0241,82,2.224,225832,6.57
WFAwAByPFYU,ğŸ˜¡Turn HACKERğŸ’¥My opponent Continuous ğŸ‘‰Turn HackğŸ˜¡ Carrom Pool | Gaming Partha,"Jan 18, 2022",14350,767.5974,82,3.582,92256,11.33
rnsGFUKtm6c,ğŸ”¥ğŸ”¥Best finish carrompool ğŸ˜ Gaming Partha #shorts #carrompoolshort,"Jun 12, 2021",17066,142.6234,82,0.383,50102,10.18
l0G7Eetmloc,Amazing gameplay with Dragon Star|Carrom Pool Partha,"Jun 17, 2019",19183,858.994,81,2.26,186555,7.31
1lEW3Y6KkEM,ğŸ¤I LOST ! Opponent teasing me ğŸ™„ | carrom pool | Gaming Partha,"Jul 9, 2021",12087,822.2743,80,1.662,77384,10.02
afxxa-Hu1qc,#shorts ğŸ’¥ Excellent Rebound Shot | Carrom Pool | Gaming Partha #shortvideo,"Aug 23, 2021",23148,157.3426,79,0.163,49368,16.08
Y91EHAo_LHI,Never Give up//AB kadir Vs Partha,"Apr 29, 2019",16939,1459.5342,78,2.868,212117,5.58
luCD903_xbQ,Carrom Pass Giveawayâ¤ï¸Holiday season pass/Carrom poolğŸ”¥Gaming Partha,"Dec 6, 2020",5095,228.5021,78,1.277,45101,7.27
0e6UJBdAAJ4,ğŸ’¥New Update ğŸ˜ Change your user ID name for unlimited times ğŸ˜±ğŸ”¥ Carrom Pool | Gaming Partha,"Sep 29, 2021",21220,442.7216,77,5.8,125704,14.83
INCIIT4hr0o,Partha vs Wasim Alvi ğŸ’¯ LOL match ğŸ˜‚ | Carrom pool | Gaming Partha,"Jul 31, 2021",16259,1026.656,77,2.446,149522,7.21
N2z5QyFbTaI,Partha vs Muhammad Hawaii /insane finish ğŸ”¥Carrom Pool miniclip,"Oct 19, 2020",12070,397.5576,76,1.839,79116,9.73
5HHj1wHRAQU,Two Double Shots in a Row | Impossible finish | CarromPoolPartha,"Jul 23, 2020",14755,988.8616,75,2.409,134842,7.56
sXb1Pi1XxNQ,Goutam vs Partha||Series of 5||Big matchğŸ”¥Carrom pool,"Aug 29, 2020",11935,760.6866,75,2.869,95666,8.77
L6kQS_Fq2e8,Next level gameplay ğŸ”¥Carrom Pool/Tutorial,"Sep 19, 2020",7599,437.8911,74,2.064,68744,7.22
h7asnxeZyD8,Gameplays on my subscriber's demand||Carrom Pool Partha,"Jun 10, 2019",13502,783.3433,74,0.991,118438,8.19
Sq2nhGPg3jQ,Dangerous bitaim shot ğŸ˜­ | Carrom pool | Carrom pool partha | Gaming Partha #shorts #carrompoolshorts,"Jul 1, 2021",30616,248.8293,73,0,72001,14.12
j6kHffrdBcU,Play without fear!carrom pool,"Apr 11, 2020",13122,657.5031,73,1.041,106269,7.98
rLhw6Hvv6B8,ğŸ˜ŒPartha vs Doubtful Baadshahâ€¼ï¸ Carrom Pool | Gaming Partha,"Feb 20, 2022",11502,633.7174,73,2.824,91368,8.97
blYu9HCGTmM,ğŸ¤¬Gaaliyan ki barsatğŸ˜ŒğŸ’¥ Carrom Pool|Gaming Partha,"Nov 9, 2021",9782,512.5435,72,2.357,80973,8.76
Mz-XNa9tRfM,ğŸ¤¯Upcoming strikers ğŸ”¥ Deadpool striker ğŸ“¢Carrom pool | Gaming partha,"Jun 22, 2021",10347,473.2382,71,2.666,71594,10.4
Rr-kwJ6gj5U,Nazim got lucky ğŸ˜‰ğŸ™ƒFunny and Extreme gameplay /Partha vs Nazim /Carrom Pool Partha /Gaming Partha,"Oct 30, 2020",11173,503.1522,71,2.289,86820,8.6
YDOGXn_SGQg,#shorts ğŸ’¥ğŸ˜®Illution ShotğŸ¤¯ | Carrom Pool | Gaming Partha #shortvideo,"Aug 28, 2021",21332,181.3343,71,0.878,48814,14.96
_JikQqDa01o,ğŸ˜±How to Open Two-New Legendary striker?ğŸ’¥Help-Trickâ‰ï¸ Carrom Pool | Gaming Partha,"Nov 25, 2021",11179,254.755,71,3.06,60890,13.55
bTA8Z0nmmNU,ğŸ”¥OMG ğŸ’¯ Perfect Hook ShotğŸ˜ | Carrom pool | Gaming Partha #shorts #shortvideo,"Jul 24, 2021",16000,107.5981,71,0.358,53390,9.62
WxCuEj7794k,Singapore gold chest unlockğŸ”“Outstanding gameplays/Carrom poolğŸ”¥Gaming Partha,"Nov 29, 2020",7924,440.1197,70,1.209,72869,6.75
eDEBhi2rzDk,Never Give Up/best of 10Partha,"Apr 23, 2019",12774,1057.2721,70,0.805,143003,6.12
lI4ineXCV6U,"""Carrom Pool UNOFFICIAL""// Game playthrough//Mumbai Arena//Partha","Apr 1, 2019",17938,802.5493,70,1.926,144670,9.39
NcoKNThtZlg,OMGğŸ˜µKya Sabka ID ban Chaluâ‰ï¸ğŸ¤¯ Carrom Pool | Gaming Partha,"Feb 2, 2022",9180,468.5528,68,1.538,61659,9.85
0CaB0EiqtzQ,ğŸ˜®Risking Last CoinsğŸ˜¡ğŸ’¥High risky gameplay part -2 | Carrom Pool | Gaming Partha,"Dec 18, 2021",10615,517.0522,67,2.855,67344,10.39
tvzxhPtjY9g,#shorts ğŸ˜ˆ ğŸ’¯ Mystical Shot ğŸ”¥ | Carrom pool | Gaming Partha #shortvideo,"Aug 2, 2021",21622,118.4461,67,0.046,38866,13.21
qO4g2SxRIVY,Best tips /Carrom Pool,"Sep 12, 2020",7310,452.2283,65,1.033,69674,6.36
rR--8G7eUR4,ğŸ˜¡ Carrom Adda Don't pull meâ— It's not Fair|Carrom Pool|Gaming Partha,"Nov 22, 2021",9829,493.9621,65,2.573,70729,9.89
uWRc8ZdXaOY,Dangerous indirect gameplay ğŸ”¥Unique shots/Carrom Pool /Gaming Partha,"Sep 25, 2020",9382,507.5547,65,1.628,70103,8.85
wSNGXSnx-mQ,#shorts ğŸ”¥aNgeLic Finish | Carrom pool | Gaming Partha #shortvideo,"Aug 12, 2021",26494,272.2401,64,0.267,72700,10.1
QW4DpFcnKoc,ğŸ˜¤ğŸ¤¬Gaaliyan Mujhebhi Atahe Betaâ€¼ï¸ğŸ˜¡ Carrom Pool | Gaming Partha,"Dec 13, 2021",9785,589.8354,63,2.859,95516,6.96
ZN3BiwiJBYE,ğŸ¤¯Impossible killer shot ğŸ”¥ carrom pool|Gaming partha #shorts #carrompoolshorts,"Jun 25, 2021",22945,188.4897,63,0.552,48159,11.09
WRlFimdQhKk,Partha vs Eby after long timeğŸ”¥Carrom disc pool,"Oct 26, 2020",10433,483.063,62,1.771,83171,8.87
DI3VuzMR3Ac,Carrom pool advance Gameplay | CarromPoolPartha,"Jul 1, 2020",13082,828.5746,61,2.08,115867,7.42
GSz9fgL9Ns0,ğŸ”¥Partha vs Rowdy ğŸ˜‚ lol gameplay ğŸ˜|Carrom pool |Gaming partha,"Jun 24, 2021",11348,729.6778,60,3.219,80094,10.32
QxkJoJBVGwA,Unbeatable ğŸ’¥ Extra ordinary skills â¤ï¸ Carrom Pool | Gaming Partha,"Feb 15, 2022",10389,635.4617,60,1.894,72780,9.08
anzt32ATaXc,I am leaving Carrom pool ğŸ¤• carrom pool|Gaming partha,"Jun 27, 2021",13435,894.7807,60,3.989,106186,9.91
lwXMuW_mxiE,Impossible finishğŸ™…â€â™‚ï¸Perfect Hook ShotğŸ”¥Carrom Pool /Gaming Partha,"Sep 27, 2020",7866,397.1234,59,1.182,69988,7.34
X4boUTWUsfE,Top Shot Series 3 /Break to finish /partha,"May 14, 2019",11880,475.5644,58,0.516,84652,9.98
nucLWYX_FEw,Real vs Virtual ğŸ’¥ Extreme hard Touch shot ğŸ”¥Carrom Pool #gamingpartha #shorts #shortvideo,"Nov 23, 2021",21804,158.2264,58,0.053,37926,9.01
0CfIOFaozXo,ğŸ˜±Unlock Aurora Legendary strikerâ€¼ï¸How is it possible?ğŸ¤¯ Carrom Pool|Gaming Partha,"Nov 27, 2021",11088,275.2448,57,3.873,50399,15.32
4zsLwvu1-Ro,Carrom Pool Partha| Game playthrough/carrompool,"Jun 24, 2019",11771,620.4065,57,0.765,126454,6.63
fOvN2rwNJWk,How to unlock QUEEN pucks ğŸ˜± | 100 % FREE Working trick | Carrom pool | Gaming Partha,"Aug 3, 2021",8651,277.6067,57,1.319,51010,11.54
QWcIwLlTl-w,Nazim vs Partha ğŸ˜ |  Carrom pool | Gaming partha,"Jul 4, 2021",8268,502.4506,55,1.544,57549,9.66
g44kWxbkxpE,Carrom Pool Partha /Gameplay/10K Subscribers,"Dec 17, 2019",8249,474.9295,55,1.036,104422,5.8
lFueClgCyTo,Crazy shots / Carrom Pool Show 4 / Carrom Pool Partha,"Aug 2, 2020",10154,408.0657,55,1.48,77530,8.87
t_hRgLRHM8E,"""FASTEST SLAM so far!! ""//DISC  POOL CARROM//PARTHA","Apr 14, 2019",13183,621.933,55,0.826,121544,7.71
UNnW20iMsH0,I am Noob ğŸ˜­ player | Carrom pool | Gaming Partha,"Jul 6, 2021",9729,578.1201,54,1.302,77191,8.96
vAa46UaWW9E,Break to finish tips for Beginners ğŸ˜‰Carrom Pool tricks,"Sep 23, 2020",7196,351.8197,54,0.952,63726,7.38
yf5nWVYm4us,ğŸ¤¯NO crop No Edit ğŸ’¥Live recordingğŸ”¥ Continue Gameplay ğŸŒ€ | Carrom Pool | Gaming Partha,"Dec 10, 2021",9019,296.8174,54,3.032,38079,15.04
Fphtb-GitKU,#shorts ğŸ˜­When it's not your dayğŸ¤• Carrom Pool | Gaming Partha #shortvideo,"Sep 10, 2021",29163,219.0361,53,0.801,32016,16.06
luTZWWAUGBw,Carrom Pool || Gameplay || Carrom Pool ParthaÂ®,"May 18, 2020",11746,428.147,53,1.344,98672,7.14
ob7TUfR8ENw,ğŸ˜­I Lost the gameâ€¼ï¸low coinsğŸ˜“ Opponent distracts meğŸ˜  Carrom Pool|Gaming Partha,"Nov 14, 2021",10634,481.4348,53,3.02,69484,11.14
aQFJIkpctjc,ğŸ¤•Gazab Ka lucky shot ğŸ˜­ | Carrom pool | Gaming Partha #shorts #shortvideo,"Jul 22, 2021",22904,220.3649,52,0,47658,13.23
D7NT71wYZmI,Partha vs Muhammad HawaiiğŸ˜Funny gameplayğŸ¤­casual best of 5ğŸ˜,"Feb 4, 2021",13875,983.0891,51,2.767,118549,8.12
GeMZ2T6cpTQ,Delete CARROM pool ğŸ¤¬Hackers ka game hein carrom poolğŸ˜­bye bye,"Dec 11, 2020",8402,553.2428,50,2.049,76317,7.12
LjsvgbCsoXc,Epic gameplay â–¶ï¸Break to finish â•Indirect shots â†”ï¸Carrom Pool Partha,"Aug 11, 2020",7969,533.8427,50,1.265,72727,7.6
earNNXq69lA,ğŸ˜±Overconfident Opponent ğŸ˜¤ Back2Back ğŸ’¥ Carrom Pool |  Gaming Partha,"Oct 31, 2021",9376,542.7723,50,2.036,78803,8.43
gEZ5QaA7B-Y,#shorts ğŸ’¯ Unpredictable ğŸ’¥ Real Master Mind Shot ğŸ’¢ğŸ‘Š Carrom Pool | Gaming Partha #shortvideo,"Aug 25, 2021",18370,166.0257,50,0,44547,13.94
pujI1cPCCWc,ğŸ¤¯Terrific InsultğŸ˜µ Quit Carrom Pool â‰ï¸? Gaming Partha | Carrom Pool,"Jan 20, 2022",7418,475.3843,50,1.606,96101,5.21
2C8T6kV5GBE,Carrom pool | â¤ï¸30K subscribers | Giveaway | Gaming Partha,"Jul 8, 2021",2969,117.9292,49,0.522,23763,7.84
B2niEe0GS58,4m Coins Giveaway || 2 Winners || Participate And Win || Carrom Pool,"Aug 21, 2020",4401,148.5707,48,0.536,35363,8.29
DUkz_fK3KHg,#shorts ğŸ’¥ğŸ§  Genius ğŸŒ€ mind Shots ğŸ”¥ Carrom Pool | Gaming Partha #shortvideo,"Aug 26, 2021",20828,115.5152,48,0.169,39826,14.19
d1kp9_dVZ08,I want to PLAY again! | Carrom pool | Gaming Partha,"Jul 14, 2021",7791,501.0498,48,1.403,74336,6.81
WDobX1ApwZI,Impossible shots gameplayğŸ˜³play fun rummy,"Dec 26, 2020",4454,166.8051,47,0.838,38781,7.51
_GZrv4rJpw8,Can I clear this puck? | CarromPoolPartha,"Jun 27, 2020",9256,602.6017,47,1.659,84518,7.22
wqPVOva8maw,Carrom Pass problem fix? /Warrior carrom pass/Carrom Pool,"Sep 2, 2020",10060,221.1976,47,1.784,65009,11.06
iXkg0er68d4,#shorts ğŸ’¥VERY DIFFICULT CONDITION ğŸŒ€ | Carrom Pool | Gaming Partha #shortvideo,"Aug 24, 2021",16671,134.9462,46,0,30041,14.21
ruRPzwo7E4A,CARROM DISC POOL//TWISTER//New York//Game playthrough//Partha,"Apr 5, 2019",14074,680.5207,46,1.644,147074,6.24
0d0jAgULnxg,ğŸ”¥ XTREME BRUSH SHOT ğŸ˜ Carrom pool|Gaming partha #carrompoolshorts #shorts,"Jun 26, 2021",15670,106.4664,45,0.536,95711,6.74
BVXFMspOFGo,Carrom pool show 6 (Old memories)ğŸ”¥never seen before shots||Carrom pool,"Dec 24, 2020",6155,201.2019,45,0.706,45534,9.16
CO0E-cv5tXg,ğŸ¤”Who is LuLu King?ğŸ’¥ğŸ¤¯â‰ï¸ Don't miss ğŸ¤­ Carrom Pool | Gaming Partha,"Dec 8, 2021",10700,546.7922,44,4.225,62389,11.97
IVp49NNYkuE,â„ï¸ğŸ˜HandCam ğŸ’¥Manali TableğŸ’¥Day 2 ğŸ”¥ Carrom Pool | Gaming Partha,"Dec 29, 2021",10399,286.1693,44,2.411,43471,16.23
KiFh2tUwz-Y,Live Carrom Pool ğŸ”¥ | Gaming Partha | Partha_9,"Jul 5, 2021",5202,540.2101,43,1.437,50456,7.9
UheqButOgvk,#shorts ğŸ˜®2019 ğŸ”¥ Illusion SHOT ğŸ˜³ Carrom Pool | Gaming Partha #shortvideo,"Aug 31, 2021",14124,160.9077,43,0,42901,13.58
a8LcVxmZ9Ok,#shorts ğŸ˜³ Divine Shot ğŸ”¥ | Carrom Pool | Gaming Partha #shortvideo,"Jul 31, 2021",15468,84.4323,43,0.039,33936,12.58
h4DAbHx9RO0,Warrior season pass || Carrom Pass|| à¤†à¤ªà¤•à¥‹ à¤•à¥à¤¯à¤¾ à¤®à¤¿à¤²à¥‡à¤—à¤¾,"Aug 29, 2020",7141,183.3537,43,1.181,46956,10.46
oo-ojNLqVWI,Partha vs Rowdy | Bhaag gayeğŸƒ ğŸ˜‚ | Carrom pool| Gaming Partha,"Jul 24, 2021",9774,510.6005,43,1.67,49725,11.33
vJV9WLabM6c,100 level+ Lulu legends ğŸ˜Carrom pool ğŸ”¥ Gaming Partha,"Jun 30, 2021",8501,627.3009,43,1.406,84197,7
5vIwXqt4s5A,Beautiful Girl ğŸ˜became angry after she missed/Carrom Pool/Gaming Partha,"Oct 16, 2020",7876,544.3491,42,2.575,71300,6.81
qtcDig6foQU,ğŸ”¥Live Kadak ShotğŸ”¥ impossible touch shot ğŸ˜ Gaming Partha #shorts #carrompoolshorts,"Jun 14, 2021",15527,115.4713,42,0.248,43043,13.76
CEa3xuq9SKM,Carrom Pool || Boring lulu players||Freestyle ||Gaming Partha,"Aug 31, 2020",11733,796.9547,41,2.422,95014,8.17
MtUPXOCV7mo,Partha vs Muhammad Hawaii ğŸ”¥slam vs slamğŸ”¥carrom pool tricks,"Jan 23, 2021",8981,499.9424,41,1.642,64861,9.73
O6vHfysz__Q,Yes I useâ€¼ï¸ğŸ˜ Funny & Sad Moments Gameplay ğŸ¥² Carrom Pool|Gaming Partha,"Jan 27, 2022",8455,499.7608,41,1.456,75492,7.21
ZAyMhAySZ3w,Partha vs Muhammad ğŸ”¥ Lucky him ğŸ¤ | Carrom pool | Gaming Partha,"Jul 18, 2021",8559,541.6203,41,1.308,60442,9.41
oq0BgrUEyIU,ğŸ¤«ğŸ¤¯kaise possible hein ye ??ğŸ’¥â€¼ï¸ Carrom Pool | Gaming Partha,"Feb 23, 2022",8343,549.7356,41,1.935,90246,6.36
1QgHCsf3QVk,ğŸ¥ºMy continuous losing Gameplay ğŸ’¥ Losing coins ğŸ˜Œ Carrom Pool | Gaming Partha,"Jan 25, 2022",9185,594.4008,40,2.495,79998,7.41
9AT8nf48dwU,ğŸ”¥Bohut HARDğŸ”¥Carrom pool astonishing gameplaysâœ¨Gaming Partha,"Nov 30, 2020",7392,481.469,40,1.665,84120,5.08
a7XC4olYv0I,10 Perfect Break To Finish | CarromPoolPartha,"Jul 10, 2020",12155,827.408,40,1.835,101784,8.03
lSoNAxwqrL4,ğŸ˜³First SuperstarğŸ’¥of Carrom Pool | Gaming Partha,"Dec 16, 2021",9014,418.8974,40,3.119,62271,10.12
pUbG20KbqTw,ğŸ˜­ Lulubox player fails ğŸ‘‰ funny gamesğŸ˜ ğŸ”¥ break to finish @gamingpartha4533,"Jun 15, 2021",7141,398.4688,40,1.148,61858,7.84
xxvFFOfluD4,Carrom Pool Partha is Back ğŸ’¥,"Sep 26, 2022",6464,304.1574,40,0,50720,10.58
KiJsbaFkSw8,ğŸ˜µFinish it â€¼ï¸from Most hardest positionğŸ’¥ Carrom Pool | Gaming Partha,"Jan 16, 2022",8737,534.4726,39,1.794,76102,6.94
mc1jMOhO79I,ğŸ˜± Unlock new offerâ€¼ï¸NEW TREASURER PACK ğŸ’¥Collect all | Carrom Pool|Gaming Partha,"Nov 18, 2021",6053,190.6907,39,0.002,36304,12.04
59gnc9sxb3k,"""Carrom Pool UNOFFICIAL""//Game playthrough//Partha","Apr 9, 2019",18008,1351.2551,38,1.122,140503,6.04
AvcetvCGgoI,AwesomeğŸ”¥à®…à®°à¯à®®à¯ˆ & à®šà¯†à®®à¯à®®à®¾ Gameplay ğŸ˜ Carrom pool #shorts #shortvideo,"Aug 4, 2021",14043,119.194,38,0.376,28563,11.45
N8dyg89JkKk,Unpredictable break to finish ğŸ”¥Carrom Pool | Indirect shots,"Oct 1, 2020",6669,334.3922,38,0.854,66653,6.65
O7HPoaVwxDc,First Indian WORLD TOPPER in Marble Clash miniclipâ¤ï¸ğŸ¥‡ğŸ…Partha_2ğŸ†gaming partha,"Feb 22, 2021",8121,295.0152,38,1.305,59497,9.48
o3e17rF8UTw,Partha vs Hacker MC ğŸ¤¬ | Hacker defeated | Carrom pool | Gaming Partha,"Jul 15, 2021",6425,388.965,38,1.088,62616,7.29
CjhuUEnL39k,HOW TO PLAY INDIRECT CARROM POOL GAMES ||@gamingpartha4533,"May 25, 2019",15512,793.2755,37,0.966,135352,7.49
FrrpPyZmyvQ,#shorts | My Best shot ğŸ˜ | #carrompoolshorts | Carrom pool |  Gaming Partha,"Jul 9, 2021",12903,84.3463,37,0,44354,13.89
VxGPEUj4_I8,Partha vs NazimğŸ”¥carrom tricks/gaming partha,"Mar 12, 2021",7899,383.5629,37,1.493,63449,9.27
2Sge2wmG4Ls,ğŸ¤¬Aisey baat karega tu apne Bapse?ğŸ’¥ğŸ˜¡Carrom Pool | Gaming Partha,"Nov 30, 2021",8149,419.6897,36,2.449,57992,9.22
7hjgRNoHGV4,ğŸ˜¡How can I win?ğŸ‘‰39ğŸ”º level player at 1 million Singapore table ğŸ‘‰Carrom pool,"Jun 19, 2021",7114,411.6897,36,1.422,49525,9.78
Iy1hfYifYZI,ğŸ”¥ Khatarnak finish ğŸ˜ Carrom pool|Gaming partha #shorts #carrompoolshorts,"Jun 27, 2021",19860,175.3181,36,0.342,43650,11.28
R7XaIZFgoAE,Become a PRO in carrom pool?! ğŸ˜• Carrom pool advance gameplay training ğŸ’¥ğŸ’ªGaming Partha,"Nov 7, 2020",6247,346.2742,36,1.774,55800,7.25
Yq6et9zhl3o,Partha Live Carrom Pool,"Jun 8, 2020",9109,717.9471,36,1.973,62518,9.89
nA3r4SjSnDQ,ğŸ”¥Master strikes ğŸ’¥ Tricky Finish EverğŸ¤¯Carrom Pool | Gaming Partha #gamingpartha #shorts #shortvideo,"Dec 2, 2021",13175,89.1255,36,0.045,27669,7.81
04lLL1PCTJM,ğŸ”¥Best shot ğŸ‘‰Carrom pool ğŸ”¥Gaming partha #shorts #carrompoolshorts,"Jun 21, 2021",9761,83.3553,35,0.498,38384,13.6
5pHTdP2rVwA,Carrom pool UNOFFICIAL//Mumbai Arena Gameplay#//Partha,"Mar 29, 2019",5035,138.764,35,0.291,31287,13.18
81MDND8Aozg,ğŸ”´ LIVE Carrom Pool/Gaming Partha,"Jun 9, 2021",3335,223.8246,34,0.277,25869,9.32
G4lq36Eem7g,ğŸ˜±1 BILLION COINS IDğŸ¤¯ OMG | Indirect gameplay | Carrom pool | Gaming Partha,"Aug 13, 2021",7308,280.4759,34,1.23,40639,12.83
Io8HHenh9HQ,How to play difficult shots/Carrom pool,"Aug 15, 2020",9376,437.568,34,1.01,66887,9.7
wbo-Ukt_Nhk,ğŸ˜ˆ BADLAA PURA | Partha vs Go | Carrom pool | Gaming Partha,"Jul 16, 2021",8243,500.7744,34,1.234,58662,9.91
4pemoMviJaI,FAIR vs LULU players ğŸ˜¯ Real story ğŸ¤” | Carrom pool | Carrom pool partha | Gaming Partha | Must watch,"Jul 2, 2021",5222,311.5323,33,1.18,52662,6.51
8Pkx5t5BOz0,Partha Live Carrom pool,"Jun 1, 2021",3347,155.1662,33,0.625,24664,9.86
FUCiaR-eDRY,CarromPoolPartha Live,"Jul 25, 2020",7121,552.3897,33,1.499,51997,9.55
WVogOah_91I,ğŸ‘»ğŸ’¥NON-EXISTENT SHOT ğŸ”¥ğŸ˜³ Partha vs Muhammad | Carrom Pool|Gaming Partha,"Dec 22, 2021",7616,350.9288,33,1.813,47967,10.78
cfbVqBg0I0w,ğŸ”¥Partha vs Muhammad HawaiiğŸ”¥ Hard Finish ğŸ™„Special Giveaway on Instaâ¤ï¸,"Jan 16, 2021",6799,414.3376,33,1.179,56032,7.98
cgMW8aeNQLk,Clash of legends | best finish matches | Carrom Pool,"Sep 5, 2020",5378,284.1342,33,0.848,50980,7.11
fFLLjgzPp9o,ğŸ˜³OMGâ€¼ï¸I became World TopperğŸ’¥ Don't Miss | Carrom Pool | Gaming Partha,"Dec 20, 2021",8841,386.0661,33,2.609,64740,9.44
r8u4aK9LBIU,#shorts ğŸ˜‚ğŸ¤£Funniest Errorâš ï¸ in Carrom Pool | Carrom Pool | Gaming Partha #shortvideo,"Sep 9, 2021",21660,183.4338,33,0.347,19063,14.22
yjKa9OIqLT4,#shorts ğŸ’¥ UnrealisticğŸŒ€ğŸ˜³ğŸ˜® Carrom Pool | Gaming Partha #shortvideo,"Aug 29, 2021",11197,133.4648,33,0.392,30875,12.6
AkTcOhC1oW8,ğŸ˜ŒHow to get Diwali offers before time?ğŸ’¥ | Diya legendary striker |Carrom Pool | Gaming Partha,"Oct 28, 2021",6646,203.0544,32,1.753,42637,10.88
GIcfywMuepE,ğŸ¤¯Manali Troubleâ€¼ï¸ğŸ’¥ Frost max ğŸ˜±ğŸ”¥ Carrom Pool | Gaming Partha,"Dec 28, 2021",8676,350.756,32,2.013,41686,12.74
c4H14AKN5Us,CarromPoolPartha LiveğŸ¤˜,"Jul 17, 2020",5527,527.3315,32,0.979,43640,8.51
9cNc6_6BKcI,ğŸ”´ Carrom pool Live Streaming ğŸ‘‰Gaming ParthağŸ”¥Partha_9,"Jun 14, 2021",3192,202.4165,31,0.369,30258,8.25
K0Ok6vUtz9c,ğŸ˜¡Stop these BAKWASâ€¼ï¸Carrom Pool | Gaming Partha,"Feb 9, 2022",6003,499.0255,31,1.519,75774,5.22
l1bIlfq4OTw,ğŸ”´Live Carrom Pool ğŸ”¥ Gaming Partha ğŸ‘‰Partha_9,"Jun 25, 2021",3686,350.8738,31,1.085,37731,7.5
3O4U_jyO2Ok,Spike legendary strikerğŸ”¥unusual gameplay /Carrom Pool,"Oct 5, 2020",7978,342.2167,30,1.329,54791,9.76
5rCgzxIH_K4,ğŸ”¥ Dangerous finish ğŸ”¥ğŸ˜ unbelievable shotsğŸ‘‰ Gaming Partha #carrompoolshorts #shorts #shortvideo,"Jun 15, 2021",10586,78.5565,30,0.392,26886,12.99
EvrQXHRzLhs,ğŸ˜¬Butiiful gameplayğŸ”¥Toofan striker flare power | carrom pool | Gaming Partha,"Jul 12, 2021",3750,223.5437,30,0.473,38818,6.45
b-er-pdaIpA,ğŸ¤¯No one can play this shotğŸ”¥ğŸ’¥ Carrom Pool | Gaming Partha,"Dec 24, 2021",5968,289.4338,30,1.07,49741,8.18
fQ1J9ysgFww,Partha Face cam ğŸ˜,"Feb 4, 2021",6994,48.9584,30,0.501,29241,14.14
h9kEFSShbn4,Marble clash ğŸ”¥voice over explain ğŸ‘†How to pot all coins in single turn @gamingpartha4533,"Mar 26, 2021",5326,244.6003,30,1.171,50763,7.82
jVWYbajktHU,ğŸ”¥Paris to Singapore plaza  | Gameplay | Carrom pool | Carrom pool partha | Gaming Partha,"Jul 27, 2021",7275,467.2768,30,1.112,69260,6.73
uCNolXLx3F4,Partha vs lulu AK ğŸ”¥ Turn hackğŸ¤¬ | Carrom pool | carrom pool partha | gaming partha | carrom,"Jul 1, 2021",6562,445.1895,30,0.902,62800,7.13
0MYsogfJKxA,Where is the update?ğŸ¤¬Leave carrom poolğŸ˜¢carrom pool/gaming partha,"Jan 4, 2021",6449,365.6294,29,1.233,54820,7.83
X9nQf5OznxU,Carrom Pool Partha Live,"Nov 26, 2019",7526,762.8923,29,4.717,74554,6.63
cA4Zd8N0sjg,ğŸ”´ Livestream Carrompool ğŸ”¥Join The ShowğŸ‘‰ Gaming Partha,"Jun 13, 2021",3325,267.4083,29,0.32,33369,8.35
gRIM1wbgseY,ğŸ”¥ LIVE STREAMING CARROM POOL ğŸ”´ Gaming Partha Live/Partha_9,"Jun 18, 2021",3173,236.0879,29,1.688,38067,6.51
sRCk0hZOktI,FIX CARROM POOL || CarromPoolPartha,"Jul 8, 2020",8960,273.57,29,0.915,63986,9.96
tK8CWBstQRk,Live Carrom Pool ğŸ’¥ Gaming ParthağŸ‘‰ Challenge Me Partha_9,"Dec 7, 2021",5152,623.4101,29,2.605,46561,7.16
SHtaotKdNgc,ğŸ”¥Super DuperğŸ¤¯Killer Gameplay ğŸ’¥ Carrom Pool | Gaming Partha,"Feb 17, 2022",8403,530.9817,28,1.5,69720,7.64
fate0Sv7zgg,ğŸ˜± Partha vs Wasim Alvi ğŸ”¥ Trick shots gameplay | Carrom pool | Gaming Partha,"Aug 8, 2021",6482,421.8934,28,0.914,58754,7.47
qdV9JbGrr5Y,Extreme Low Coins ğŸ’¥ Risk â€¼ï¸ğŸ¤¯ Gameplay | Carrom Pool | Gaming Partha,"Nov 16, 2021",8483,348.6752,28,2.169,47128,12.28
yFWWSFIjCHw,ğŸ”¥Carrom Pool Live ğŸ”´ Gaming Partha ğŸ‘‰Partha_9,"Jun 29, 2021",3009,284.8654,28,2.039,39332,5.95
K9DXAr3EKno,ğŸ”´LIVE STREAMING CARROM POOL ğŸ”¥ challenge Partha_9 â¤ï¸,"Jun 16, 2021",3636,277.4573,27,0.601,35097,8.08
rzui1hf_Niw,Live Carrom Pool,"Aug 7, 2020",6022,490.1797,27,1.228,47131,8.71
t7DQKbsLWIA,#shorts ğŸ’¥2019ğŸ˜³Most dangerous Shot ğŸ”¥ Carrom Pool | Gaming Partha #shortvideo,"Aug 30, 2021",13487,112.3858,27,0,29822,13.44
5zQfnQ4z8zI,I am back with carrom poolğŸ˜gaming partha,"Mar 9, 2021",4798,262.928,26,1.168,49431,6.58
80sjtfWibV0,ğŸ”¥Shot of the YearğŸ¤«ğŸ˜ˆhow you like that?ğŸ¤­ #shorts,"Jun 10, 2021",5063,32.3047,26,0.021,22719,14.4
WxjpDG1viIk,Fearsome gameplaysğŸ”¥carrom poolğŸ”¥Gaming parthağŸ˜,"Feb 7, 2021",6410,373.1874,26,1.213,58005,7.37
Z9J-XEmc59Q,Live Carrom pool Partha,"Jun 3, 2021",2880,212.3027,26,0.637,27504,7.42
ZxrMCwmP-lE,ğŸ’¥Perfect Golden ShotğŸ’¥1500 gems ğŸ”¥Pucks Realising ideas / Carrom pool training âœ¨Gaming Partha,"Nov 25, 2020",4365,228.2989,26,0.959,37836,7.31
jv7UJFM01vc,ğŸ˜Š I bet You Can't FINISH thisâ€¼ï¸Carrom Pool | Gaming Partha,"Jan 12, 2022",5339,258.4186,26,0.923,36241,9.32
9dkWydg9CZ4,ğŸ”´ Friendly Live Partha Vs Javed Khan ğŸ”¥ Carrom Pool,"Jun 24, 2021",5085,514.9494,25,2.661,49606,7.43
CTtrnKxJSA8,Exceptional break to finishğŸ”¥English Voice Over/Carrom Pool,"Dec 4, 2020",6929,342.3396,25,1.125,53901,7.64
XEsE7oIRB6Q,ğŸ”´Live Carrom Pool ğŸ”¥ Challenge MeğŸ‘‰Partha_9,"Jun 12, 2021",2943,182.8201,25,0.414,32188,6.85
YiC2RN1_GT0,#shorts ğŸ’¥World's Best Shot ğŸ”¥ / Carrom Pool Gaming Partha #gamingpartha #shortvideo,"Jan 24, 2022",10430,57.758,25,0.009,23489,12.83
a_oh3yI0oks,#shorts | ğŸ”¥Fire shot ğŸ˜ | Carrom pool | #carrompoolshorts | Gaming Partha #shortvideo,"Jul 11, 2021",10250,94.8699,25,0.764,40730,15.44
v6bylufy0MQ,Partha CarromPool LIVE,"Jun 21, 2020",5587,441.7526,25,1.43,43905,8.32
xqHRhVExPdM,ğŸ˜‚ Partha lulubox gameplay ğŸ”¥ | Magical gameplay | Carrom pool | Gaming Partha,"Aug 1, 2021",7997,328.6165,25,1.2,43632,12.89
4jP5j1W9DOI,ğŸ˜§ Unbelievable connection Shot ğŸ¤¯ Carrom Pool | Gaming Partha #shortvideo #shorts,"Sep 4, 2021",16538,121.2595,24,0,33077,13.99
7CsTjhT8JN0,Marble clash master chests unboxğŸ˜‰Nebula shooter gameplayâ¤ï¸insane trickshots,"Feb 27, 2021",6241,297.6966,24,1.095,59288,7.11
AVH4sEcDS7E,ğŸ”´ Live Carrom Pool ğŸ”¥ Gaming Partha ğŸ‘‰Partha_9,"Jun 22, 2021",3132,286.9612,24,0.273,42006,5.58
BgNV7IdEKhc,ğŸ’¥ Magical Indirect Shots | Carrom Pool|Gaming Partha,"Mar 4, 2022",6561,324.8837,24,1.738,61192,7.62
a_LugaOJKvw,Partha Live Carrom Pool,"Dec 10, 2019",6104,492.2861,24,3.341,65561,6.41
obuMSGqPRRs,ğŸ¤¯Insane Finish ğŸ”¥ | Carrom pool | Gaming Partha #shorts #shortvideo,"Jul 16, 2021",7967,79.5725,24,0.548,31085,14.08
pAlpECZKHjk,Impossible indirect shotsğŸ”¥Carrom pool ğŸŒ Gaming Partha,"Nov 21, 2020",5416,315.8417,24,1.52,58138,5.8
pDOAeZqSRFs,ğŸ˜®Crazy Indirect gameplayğŸ’¥Must WATCH | Carrom Pool | Gaming Partha #shorts #shortvideo,"Sep 2, 2021",11014,122.1888,24,0,27319,12.23
ySY1yrE_KRA,7500 gems unboxing ğŸ˜‰marble clash/miniclip||gaming partha,"Feb 24, 2021",8067,364.6836,24,1.997,64794,8.94
2IgtCdkbcQc,"""Carrom Pool UNOFFICIAL""//Game playthrough//New York//Partha","Apr 2, 2019",8873,417.2303,23,1.008,64151,8.82
OtMuD7Zar-c,ğŸ¤¯OP ğŸ”¥Tricks ğŸ’¥Bangalore Streets ğŸŒ€Break to finish|Carrom Pool| Gaming Partha,"Nov 3, 2021",4830,160.0871,23,1.06,41630,7.93
_eVeJeJbPj0,ğŸ”¥KILLER FINISH ğŸ”¥ Carrom pool|Gaming partha #shorts #carrompoolshorts,"Jun 29, 2021",11953,118.5147,23,0.204,27251,10.76
QACbrbchj2Q,Sab khatamğŸ˜¡My ID Banned â‰ï¸ğŸ˜­ it's over!! Carrom Pool|Gaming Partha,"Nov 24, 2021",8208,149.6743,22,2.265,35912,16.26
TlaitFzHF5U,ğŸ˜¬Fas gaya Lulu ğŸ˜‚ | Carrom pool | Gaming Partha,"Jul 11, 2021",5202,345.5121,22,0.654,42206,7.85
a9FpnOlN5wY,ğŸ˜Ambrosia PucksğŸ’¯Hardest Finish Ever ğŸ’¥ Carrom Pool|Gaming Partha,"Nov 6, 2021",5866,258.4457,22,1.311,53962,7.46
cZXbkLRYaRk,Mind blowing gameplaysğŸ˜COL season 2ğŸ”¥Gaming partha,"Dec 28, 2020",4816,288.0559,22,1.102,44726,6.78
cr0Q3piIhUo,Perfect double kiss shotğŸ‘ŒWorld's best SHOTğŸ”¥ğŸ”¥Carrom Pool/Gaming Partha,"Nov 5, 2020",7212,425.4572,22,1.939,66653,6.69
deoS2Gnhkmk,ğŸ’¥ Unbelievable Shot ğŸ¤¯ Killer Strike ğŸ˜ Carrom Pool Gaming Partha #gamingpartha #shorts #shortvideo,"Dec 12, 2021",9255,59.4201,22,0.048,34594,8.64
saNvKsvrdic,ğŸ˜¥Hum sab PSYCHO (PAAGAAL) heinâ€¼ï¸?ğŸ˜®ğŸ¤”ğŸ”¥OVER ADDICTION ğŸ˜³â€¼ï¸ Carrom Pool | Gaming Partha,"Dec 25, 2021",6646,421.9602,22,1.799,62220,7.15
uyzsIbXbK4k,Carrom Pool UNOFFICIAL//Game playthrough//Twister//break to finish//Partha,"Apr 7, 2019",6479,358.5466,22,0.501,71396,6.01
yzb1vlw3fVY,ğŸ˜‚ Taqleef kya hein? ğŸ˜ | Indirect gameplay | Carrom pool | Gaming Partha,"Jul 21, 2021",5711,391.512,22,0.914,52001,7.35
27TRgYq0Xtc,#shorts LULU walene diya gaali ğŸ˜­ | carrom pool | Gaming Partha #carrompoolshorts #shortvideo,"Jul 3, 2021",12623,101.3672,21,0.748,36104,15.15
3lPykpP3tY8,ğŸ’¥Real Carrom ğŸ˜±Crazy  Indirect Shot ğŸ¤¯ Carrom Pool | Carrom Board #shorts #shortvideo,"Sep 20, 2021",11509,59.0697,21,0.1,29766,14.39
F_rbn4GZC7k,Double Kiss Shots/Unbelievable hook shot/ Insane 3 ||CarromPoolPartha,"Jul 21, 2020",6711,299.6574,21,0.558,64800,6.5
XKNDCOUsKTk,#shorts Sexy ğŸ”¥ Lucky shot ğŸ˜‰ | Carrom pool | Gaming Partha #shortvideo,"Aug 9, 2021",10531,71.4259,21,0.474,76196,6.22
vv70EsBEMmY,â¤ï¸LIVE STREAMING CARROM POOL ğŸ”´ Gaming Partha ğŸ”¥ğŸ‘‰Partha_9,"Jun 17, 2021",3204,220.2828,21,7.719,32282,7.75
zX4F5Vr9ZdI,Shocking games ğŸ’¥release blocksğŸ˜ˆCarrom pool/Gaming Partha,"Nov 11, 2020",4447,246.5741,21,1.327,42134,6.44
0Oatwj860Dg,On request matches with my followerğŸ˜Nusrat /Carrom pool/Gaming Partha,"Nov 14, 2020",6091,352.4934,20,2.089,61600,6.3
652DEbhGBmE,Maya strikerğŸ”¥Pheobus pucks gameplay /Carrom Pool,"Sep 16, 2020",4644,275.2301,20,1.09,42973,6.95
E6ej21estB0,Partha Live | Carrom Pool | Gaming Partha,"Jul 27, 2021",4852,644.2703,20,0.883,44325,7.98
IyICu3XW5-Y,ğŸ”¥Bohut hard ğŸ‘‰interesting matches ğŸ˜ Don't miss | Carrom Pool| Gaming Partha,"Jun 18, 2021",3128,187.161,20,0.619,35289,6.01
Uy5Tbwg2vbo,ğŸ˜ BEST CARROM POOL VIDEO ğŸ˜ğŸ”¥ | Carrom pool | Gaming Partha,"Aug 17, 2021",4315,264.2017,20,0.599,40299,6.2
VO_W7k3KLbE,ğŸ”¥Partha vs Karthick ğŸ˜± Must watch | Big fightğŸ’ª | Carrom Pool | Gaming Partha,"Jul 25, 2021",5178,360.545,20,0.972,44950,7.37
XEnEOMTDhmc,Partha Live Carrom,"Jan 8, 2020",5831,422.304,20,1.487,59294,7.19
cAjfAjK9Cyk,ğŸ”¥Op break to finish ğŸ˜ Carrom pool ğŸ”¥ Gaming partha #shorts #carrompoolshorts,"Jun 23, 2021",11983,116.4834,20,0.353,31043,9.41
n1BpAT2ryDM,Awesome shots and gameplayğŸ”¥lulu failures ğŸ¤«carrom pool,"Dec 17, 2020",5388,306.1556,20,1.221,52050,6.51
6nzkxofeNdQ,"Carrom pass giveaway and winnerâ¤ï¸ğŸ†legendary id ""Vicky"" ğŸ˜","Feb 2, 2021",4256,233.6145,19,0.975,34880,8.18
J2pZFRCK68k,Toofan Giveaway Winner declare || Carrom Pool,"Aug 20, 2020",3782,93.4492,19,0.437,25892,9.37
JVHOsiXOypg,ğŸ”¥ Finally ğŸ‘‘ KING Pucks ğŸ˜˜ Gorgeous gameplay | Carrom pool | Gaming Partha,"Aug 4, 2021",5356,305.137,19,0.87,51647,6.69
OCh_QoWMrec,#shorts | ğŸ¤¬Kutt** ShotğŸ‘ˆ  #carrompoolshorts | Gaming Partha #shortvideo,"Jul 14, 2021",14467,93.6118,19,0,29990,13.12
UGsJrWH3bM4,ğŸ˜­Rehum KaroğŸ™â€¼ï¸SORRYğŸ¥ºğŸ’¥Manali Ice Rink | Carrom Pool | Gaming Partha,"Jan 4, 2022",5726,209.7954,19,1.013,35483,10.28
hXLQEcL9lac,ğŸ’¯ğŸ’¥OP ğŸ”¥ Finish ğŸ™€ Must watch | Carrom Pool | Gaming Partha,"Oct 20, 2021",5198,269.9196,19,1.228,41122,8.27
hqsay33q7cg,Shield striker gameplay ğŸ›¡ï¸SHIELD STRIKER ğŸ›¡ï¸Trick shotsğŸ’¥Carrom pool ğŸŒ Gaming Partha,"Nov 19, 2020",6149,151.8566,19,0.944,36598,10.85
oNMjYq7qWmQ,#shorts | Most funniest shotğŸ˜‚ | #carrompoolshorts | Gaming Partha | Carrom pool,"Jul 12, 2021",11596,67.1332,19,0.045,26578,12.89
0AHq0wARQJU,I Missed These Games!Carrom Pool Partha,"May 13, 2020",10758,412.0832,18,0.846,72530,7.9
1R63wK0Sj9g,ğŸ˜µImpossible Indirect shorts ğŸ”¥ |  Carrom pool | Gaming Partha,"Jul 19, 2021",7904,493.2163,18,1.229,60030,8.07
CVip0HPX6Bg,How to release difficult pucks || Carrom Pool || Tips tricks,"Oct 11, 2020",6523,336.5903,18,1.175,53985,7.97
CkheOJv7CNM,Mind blowing gameplayğŸ¤©carrom tricksğŸ˜Carrom Pool crazy shots,"Jan 31, 2021",5757,340.2471,18,0.814,55869,6.78
GZ7bPUoUVX4,ğŸ˜ŠI like this Guyâ€¼ï¸He took a good lesson from MeğŸ’¥ğŸ˜Carrom Pool | Gaming Partha,"Jan 14, 2022",6089,296.5914,18,1.346,40297,8.89
N6ZBZnmNaWM,ğŸ˜New update | Get it freeğŸ¤¯ | PAWN pucks gameplay | Carrom pool | Gaming Partha,"Jul 29, 2021",5832,249.0645,18,0.878,37591,10.61
PNdwGVDGKPE,#short | Total OP finish ğŸ”¥ | carrompool | #carrompoolshort gaming partha | #shortvideo,"Jul 3, 2021",7625,76.8212,18,0,23791,10.99
RWFZUNc4m1I,ğŸ”´Live Again....ğŸ”¥ğŸ”¥ğŸ”¥,"Jun 11, 2021",2594,147.6088,18,0.885,21955,9.02
Vp1bn_wyNnA,#shorts ğŸ˜µ Absolutely ğŸ’¯ Brain-dead finish | Carrom pool | Gaming Partha #shortvideo,"Jul 30, 2021",8080,69.0552,18,0,22391,11.82
eNTT2d9Kjjk,Impressive! Carrom pool PRO gameplaysğŸ”¥English voice over/Gaming Partha,"Dec 10, 2020",3976,224.082,18,1.073,38659,5.93
3aB5dykXjNE,Don't hesitate play with confidence/Carrom pool Partha/Carrom pool,"Sep 10, 2019",5653,420.7286,17,1.441,96883,4.02
3gxk2gRDVdo,#short | Impossible finish ğŸ”¥ | carrom pool | #carrompoolshort | gaming partha #shortvideo,"Jul 7, 2021",7351,77.3003,17,0.387,24272,13.29
4mRKxf_Yo1E,ğŸ’¥ DEADLY Lucky Shot ğŸ¤¯ğŸ˜‚ Funny shot| Carrom Pool | Gaming Partha #shorts #shortvideo #gamingpartha,"Sep 19, 2021",11602,54.3772,17,0.113,24542,14.32
6YypyCCklXY,ğŸ˜ğŸ“·Face CamğŸ’¯ğŸ’¥ Incredible Dubai Skybar ğŸ’¥ğŸ˜Œ gameplay | Carrom Pool | Gaming Partha,"Oct 4, 2021",4249,190.6764,17,0.891,31613,9.48
Bq8s3XcFiUk,ğŸ¤•Turn hack kiya saalğŸ¤¬#ğŸ”¥Top finishes|carrom pool|gaming partha ğŸ”¥,"Jun 25, 2021",5030,263.8245,17,0.97,46890,7.19
HvnGBvBpKZY,OMGğŸ¤¯142 level GirlğŸ˜³2 back to back matches ğŸ”¥ Carrom Pool | Gaming Partha,"Sep 17, 2021",4855,247.8236,17,1.177,39776,7.64
dlqy8mo2Q8Y,New year special ğŸ‰impossible shotsğŸ˜never seen before shots/carrom pool,"Jan 2, 2021",4746,271.3609,17,0.651,50661,5.85
fBVHbHfTDkE,Now its's your turn!/Best of subscribers/Carrom Pool Partha,"Oct 17, 2019",6346,437.268,17,1.245,88492,5.22
lh208bDqwpM,Don't try this shotğŸ˜‰carrom poolğŸ”¥Gaming partha,"Dec 19, 2020",5730,328.9625,17,1.033,64844,5.44
oSBdtBq68t8,ğŸ¤£TUJHSE NEHI HO PAYEGA BETA ğŸ˜‚ | Carrom pool | Gaming Partha,"Jul 17, 2021",4626,337.2845,17,0.635,43746,6.81
rn8JgEZ10lA,ğŸ”¥ Live Carrom Pool ğŸ”´ Gaming Partha|Partha_9,"Jun 26, 2021",2761,289.2438,17,1.603,35066,6.1
A34T5QtNd2E,#short | 55 secs break to finish challenge ğŸ˜ | #carrompoolshort | Gaming partha | #shortvideo,"Jul 5, 2021",7238,73.2199,16,0,25784,11.03
BJE_0biO_gk,ğŸ’¥BEST of 2021ğŸ˜Most Dangerous Gameplay | Carrom Pool | Gaming Partha,"Jan 2, 2022",4588,229.8669,16,0,36907,8.03
KNPBLhQPZYg,Crazy shots | bad misses | Carrom Pool,"Oct 3, 2020",7270,315.7279,16,1.44,56752,8.76
NHrPxqCRJWg,Partha vs RowdyyğŸ˜Don't missğŸ”¥Marble clash @gamingpartha4533,"Mar 29, 2021",6665,240.1343,16,1.041,51995,9.46
V5UytsHjsuM,#short | ğŸ”¥OMG Finish ğŸ¤¯ | #carrompoolshort | Gaming Partha #shortvideo,"Jul 4, 2021",8902,85.8465,16,0.403,36438,12.09
c6xSOskNlGk,ğŸ”´ Live Carrom Pool ğŸ”¥ Gaming Partha ğŸ‘‰Partha_9,"Jun 28, 2021",2775,253.0531,16,1.609,33229,6.38
fwkzLyXJd9M,ğŸ˜­10 Continuous New York Freestyle ğŸ’¥ Risking my coinsğŸ¥º Carrom Pool | Gaming Partha,"Sep 23, 2021",5805,350.9679,16,1.4,51717,7.67
yVQ0MHIjPYw,#shorts | Triple connection shot ğŸ”¥ | #carrompoolshorts | carrom pool | Gaming Partha #shortvideo,"Jul 10, 2021",7292,71.2247,16,0.461,29737,13.17
4qBgez_jQ5c,ğŸ¤¯Dangerous Bitaim SHOT ğŸ˜ | carrom pool | Gaming Partha #shorts #shortvideo,"Jul 17, 2021",7172,56.53,15,0.45,24046,14.77
5ySHRa-_1AU,Singapore and New York gameplay || Carrom Pool,"Sep 10, 2020",5083,282.205,15,0.91,48599,6.51
71LWjfepcv0,ğŸ¤¯lagatar 9 indirect shots ğŸ˜ | carrom pool | Gaming partha #shorts #carrompoolshorts,"Jun 30, 2021",8403,76.5644,15,0.171,25800,10.63
M-7QdUEdlPE,How to pot this?ğŸ˜³ Carrom Pool trick shotğŸ”¥carrom pool,"Jan 27, 2021",6277,380.6433,15,1.22,52192,7.86
MuKw8me8Ir4,Game Khallaasss ğŸ”¥ Carrom pool ğŸ˜ Gaming partha #shorts #carrompoolshorts,"Jun 28, 2021",10198,80.9279,15,0.512,40942,12.4
WErwWOUgym4,ğŸ”¥Most difficult finishğŸ˜± | carrom pool | gaming partha #shorts #shortvideo,"Jul 21, 2021",7786,64.8543,15,0.266,26610,10.59
k40ynFfM5R0,ğŸ”¥ğŸ”¥Look how I pot the queen ğŸ”¥ğŸ˜ˆ Gaming Partha shortsğŸ‡®ğŸ‡³ #shorts,"Jun 11, 2021",3664,21.1428,15,0.015,15815,13.66
qDSeqtzh2lQ,Carrom Pool Partha Live,"Dec 2, 2019",6255,564.4076,15,3.737,68900,6.37
6WoAsySUDZM,ğŸ”¥Hey Allahâ¤ï¸ Absolutely Miraculous Gameplay ğŸ’¥ Carrom Pool//Gaming Partha,"Feb 11, 2022",5699,377.7423,14,0.824,52296,7.45
HXurB9nWcIU,Carrom Pool Live/Gaming Partha,"May 11, 2021",3576,220.9217,14,0.511,34135,7.3
a-aMcp9bgqg,ğŸ”´Live Mumbai arena Gameplay/Partha,"Jun 7, 2021",2577,196.772,14,1.929,22911,7.92
doNURc17o7E,Lulu shot without luluboxğŸ˜±ğŸ¤¯carrom pool ğŸ˜³Gaming Partha,"Jan 6, 2021",6551,428.1736,14,1.318,74873,5.55
f4RCmnaraeI,How to pot all marbles in one turnğŸ‘†marble clashğŸ”¥miniclip @gamingpartha4533,"Mar 18, 2021",3807,180.0284,14,0.861,47481,5.41
pdeG8YQltl0,ğŸ”¥UPCOMING CARROM PASSğŸ¤£ğŸ¤­ Funny lulu fail moment âœ”ï¸Carrom pool|Gaming partha,"Jun 26, 2021",3780,215.9362,14,0.849,39979,6.18
plC1qHNsjWM,ğŸ˜µ Turn Hacker lost ğŸ¤• | Crazy Indirect gameplay | Carrom pool | Gaming Partha,"Jul 22, 2021",4703,336.8952,14,0.754,40218,7.62
zdktmfhN0qI,OMGğŸ¤¯How??ğŸ˜³Unlock Mandala Legendary Striker ğŸ’¥ğŸ˜± Carrom Pool|Gaming Partha,"Dec 1, 2021",7146,247.2163,14,1.905,37974,13.42
DlGFtAIkK3g,ğŸ’¥ LULU WILL CRY ğŸ˜­ Must WATCH | Carrom Pool | Gaming Partha,"Aug 22, 2021",5780,259.2657,13,0.798,43350,9.17
Ozhx6_wnKUk,ğŸ’¥Carrom Pool Live | Gaming Partha,"Sep 18, 2021",3505,247.7052,13,0.808,22620,10.15
P4CwSWnQmS8,ğŸ¤¯Latest Version ğŸ˜±BIT-AIM Pro Mode ğŸ’¥ Learn How!! Carrom Pool |  Gaming Partha,"Dec 3, 2021",5097,197.4567,13,1.469,32264,10.24
SW-F1RIMV6M,Carrom Pool /useful tricks hots /tricky gameplay /Gaming Partha ğŸ”¥,"Jan 18, 2021",3633,191.9155,13,0.693,37797,5.81
_shtEBMl03E,ğŸ”¥Toofan ShğŸ˜®ts ğŸ”¥Partha ShotğŸ‘‰ Gaming Partha #shorts #carrompoolshorts,"Jun 16, 2021",4126,24.4703,13,0.032,17619,11.59
mqIos6EAXQY,ğŸ˜±OMGğŸ’¥ New Strikers ğŸ’¥Mr. Snow â„ï¸ Frost legendary striker ğŸ˜ Carrom Pool | Gaming Partha,"Dec 22, 2021",5160,130.5427,13,1.583,30562,10.6
qVbX4apigNI,#short | BEST Kiss shot ğŸ”¥ | #carrompoolshort | Gaming Partha | #shortvideo,"Jul 6, 2021",7331,67.9534,13,0.294,28921,10.59
qZccshVaoZo,Warrior season pass ||Fixed || Carrom Pool,"Sep 8, 2020",4181,90.2578,13,0.76,30726,9.04
s9u-b02zanU,Master mind shotsğŸ”¥| Carrom pool | Carrom pool partha | Carrom disc pool | Gaming Partha,"Apr 1, 2021",4285,242.2021,13,0.868,43391,6.62
0L7Z0zDV5Sk,ğŸ’¥ Amazing game'sğŸ”¥ Carrom Pool | Carrom Pool Partha,"Nov 24, 2022",2047,80.5153,12,0.517,17052,8.93
0_Qydbcwjdk,ğŸ’¥Nazim vs Partha | Friendly Match HKSKN -1| Highlights ğŸ”¥ | Carrom Pool|Gaming Partha,"Oct 22, 2021",4156,154.6892,12,1.005,30627,9.28
9G5fYkjv7YU,ğŸ˜¡DIMAAG KHARAB Hota hein! ğŸ¤¬New hack??Time Hack??ğŸ˜®ğŸ¤”@gamingpartha4533âœ“carrompool,"Jun 16, 2021",3898,233.979,12,0.702,39521,6.72
MH7YpmEiKps,LET'S give him a CHANCEğŸ”¥ INDEPENDENCE DAY SPECIAL | Carrom Pool | Gaming Partha,"Aug 15, 2021",5300,283.5364,12,0.845,40565,9.16
UyYe1D-Aad0,ğŸ’¥ğŸ¤¯OMG!! Carrom Queen ğŸ‘‘ is here | Carrom Pool | Gaming Partha,"Sep 16, 2021",3746,179.7559,12,0.841,30085,7.11
jWgO-Fi3Gb4,Carrom Pool Live ğŸ”´ | Carrom pool | Gaming Partha,"Jul 8, 2021",3257,291.159,12,1.087,31379,7.4
k-LTi3wKHzM,Partha Live Carrom Pool,"Dec 31, 2020",5385,521.8894,12,1.006,38759,8.32
sXQFfHEfWCs,carrom pool partha live,"Nov 18, 2019",4928,327.0259,12,2.071,57426,5.9
4NW2noWeR04,Carrom Pool Live ğŸ”´ Gaming Partha | Carrom Pool,"Jul 13, 2021",3225,314.2227,11,1.117,31754,6.93
FU_InMvp1nQ,ğŸ˜¥Lost Singapore Freestyle Continuously // Carrom Pool // Gaming Partha,"Aug 20, 2021",7324,338.7309,11,1.265,52749,9.6
JQLkD34t9bI,Fantasy season Carrom pass unlock ğŸ˜ | carrom pool | Gaming partha,"Jul 5, 2021",3606,188.357,11,0.593,36132,6.43
KSQ52cWEqGs,Muhammad Hawaii vs Partha again ğŸ˜Breathe taking gameplaysğŸ˜©carrom pool,"Feb 11, 2021",5153,299.8003,11,1.41,42930,8.18
LxNAXlOwRmw,ğŸ˜ 99.99% Lulu can't do this ğŸ‘ˆğŸ˜‚ | Indirect shorts ğŸ”¥| Carrom pool |  Gaming Partha,"Jul 23, 2021",5918,342.4105,11,0.924,45185,8.03
Mr4pyZM6Z08,Indirect shots with amazing gameplay || Carrom Pool,"Aug 26, 2020",5722,242.9621,11,0.641,44422,8.54
ZGsiCVDOSEQ,Be famous in Carrom Pool ğŸ¤©subscriber's best gameplay,"Jan 29, 2021",3826,209.8636,11,0.754,33850,7.01
ldFgdDyAFQc,Carrom Pool Live ğŸ”´ Gaming Partha,"Jul 14, 2021",2531,258.1285,11,0.292,26707,7.57
luPCginU1UM,#shorts | Dangerous brush shot ğŸ”¥ | #carrompoolshort | Carrom pool | Gaming Partha #shortvideo,"Jul 8, 2021",6859,39.3558,11,0.056,23897,18.25
mcM4sHLoi4M,ğŸ˜±Top 5 most Dangerous Shot ğŸ’¥ğŸ˜ Legendary Shots | Carrom Pool | Gaming Partha,"Nov 28, 2021",5544,222.7629,11,1.328,35534,10.29
qhZkEDE2ZH8,ğŸ˜µ Insane killer shots ğŸ˜± must watch ğŸ¤¯ | Carrom pool | Gaming Partha,"Jul 28, 2021",3523,217.7104,11,0.566,35304,6.65
qnkxHThJS4Q,#discpoolcarrom #carrompool Indirect shots series / partha,"May 13, 2019",1665,20.4542,11,0.039,21635,5.44
u7EQIjJ4_zo,ğŸ”¥Bohut Muskil se hua release ğŸ˜ŒğŸ’¥ Carrom Pool | Gaming Partha #shorts #gamingpartha #shortvideo,"Nov 2, 2021",8024,75.3987,11,0.203,25914,10.22
w1xSiI-TjrE,Carrom Pool Live /Gaming Partha,"May 14, 2021",2945,169.0507,11,0.406,34424,6.12
wg-GOm5WcF8,Miniclip is cheating with usğŸ˜¡coins cutting unnecessarily ğŸ‘ @gamingpartha4533,"Apr 5, 2021",4478,149.5755,11,0.748,37005,8.61
xkUqqCPCOZU,ğŸ˜µCRAZY Illution SHOT ğŸ¥µ Carrom Pool | Gaming Partha #shorts #shortvideo,"Sep 13, 2021",9566,50.1037,11,0.085,23852,15.45
3zaFK8dzp9Q,ğŸ”¥Aag se mat kheloğŸ¤¯ | Indirect gameplay | Carrom pool | Gaming Partha,"Jul 20, 2021",3804,131.1874,10,0.646,28687,7.99
985Sr7EGgXE,Gaming Partha Live,"May 29, 2021",2791,136.2469,10,0.331,23533,8.63
Vih4yBsnuvQ,#shorts MagicalğŸ”¥| Carrom pool | Gaming Partha | #shortvideo,"Jul 13, 2021",5984,51.7761,10,0.191,15745,12.04
ZKIidGQ5Opo,ğŸ’¯How to win automatically ğŸ˜‚ | connect and win instantly ğŸ˜± | carrom pool | Gaming Partha,"Aug 7, 2021",6078,309.3087,10,0.949,38319,9.76
beiMooMefsc,Insane gameplay ğŸ”¥Carrom Pool Show 5 /Carrom Pool,"Oct 9, 2020",4749,141.3634,10,0.772,32295,8.59
mn-cDjen--M,SURPRISE Live ||CarromPoolPartha,"Jul 18, 2020",4220,372.4206,10,0.823,36288,7.9
rVYSjEN7uQo,#shorts lulu CircusğŸ‘ğŸ‘ ka lulu joker ğŸ¤£ teasing me | Carrom Pool | Gaming Partha #shortvideo,"Oct 13, 2021",10662,137.756,10,0.213,34462,14.53
15RmYcNDVh4,ğŸ¤¯I want these Amazing ğŸ’¥ Avatars ğŸ˜ Carrom Pool|Gaming Partha,"Dec 11, 2021",4062,159.1349,9,1.17,33932,8.03
4TtMwZ2RHeQ,Maya and Scarab Id winner ğŸ˜Gaming Partha,"Nov 12, 2020",3074,60.8171,9,0.62,24941,7.76
5g9rIh3n_LE,"ğŸ˜µ""Supreme-God"" level ShotğŸ’¥ Carrom Pool | Gaming Partha","Jan 10, 2022",4640,195.8611,9,0.597,29307,8.11
KtO4aBbJOJ0,Golden Lucky BoxğŸ˜¡ Don't buyâ€¼ï¸Waste of money ğŸ’° Carrom Pool |  New update| Gaming Partha,"Dec 14, 2021",5727,139.5157,9,1.539,35539,10.14
XOVgPmTpdLg,#shorts ğŸ”¥ğŸ”¥Gazab B2F | Carrom Pool | Gaming Partha #shortvideo #gamingpartha,"Sep 15, 2021",7600,47.766,9,0,14127,10.93
ahfebMZM4f4,Real Mastermind Finish ğŸ”¥ | Carrom pool | Gaming Partha #shorts #shortvideo,"Jul 19, 2021",5729,57.4855,9,0.199,19864,11.55
m6chrj2TpCk,ğŸ¥ºKya hum galat hein??ğŸ˜¯Carrom pool | gaming partha #carrompool #gamingpartha,"Jun 21, 2021",3232,215.5402,9,0.582,30305,6.14
o1KKp9MiAVc,Interesting gameplaysğŸ‘€Carrom Pool ğŸŒ€Gaming Partha,"Oct 7, 2020",5375,249.4534,9,0.615,45100,7.73
sLo_0xc_Gh8,All New Pucks ğŸ˜ 3 New Pucks | Carrom Pool | Gaming Partha,"Oct 14, 2021",2706,110.4905,9,0.57,20625,8.48
vBCqpOkBx3Y,Extreme Hard Finish ğŸ”¥ Bangalore Streets|Carrom Pool #shorts #shortvideo #gamingpartha,"Nov 8, 2021",9653,92.6774,9,0.142,30614,7.98
wkJrY7Fz4TM,ğŸ”´ LIVE STREAMING ğŸ”¥ Live Carrom Pool|Gaming partha ğŸ‘‰Partha_9,"Jun 19, 2021",3408,282.461,9,1.243,38181,6.31
zoScYv9nZSI,#shorts ğŸ’¥Thumbing DoublesğŸ˜ Indirect Shot ğŸ”¥ Real Carrom | Gaming Partha  #shortvideo #gamingpartha,"Sep 22, 2021",8109,37.4504,9,0.108,23382,12.12
 -MQw4Ob9WFs,"Carrom Pool UNOFFICIAL//""OVERLORD""//Partha","Apr 6, 2019",1965,37.8355,8,0.069,21701,6.61
00fmvjFMtK4,Carrom master | play & earnğŸ¤‘ | Gaming Partha,"Jul 15, 2021",3679,89.0136,8,0.987,25084,10.83
5tR7-WkImag,ğŸ”¥Most insane shot of all time ğŸ˜Carrom pool craziest shot ğŸ”¥#shorts #carrompoolshort,"Jun 18, 2021",5334,34.6726,8,0.289,18505,14.36
B5VP2FuXq8k,Unboxing grand master chests/Valentines season carrom passâ¤ï¸my strikers collectionğŸ˜,"Feb 9, 2021",4239,207.6058,8,0.841,46617,6.15
QlvLECLoqDI,Special giveaway ğŸ˜‰ğŸ˜˜join our new FB group Gaming Partha,"Jan 12, 2021",2950,159.9623,8,0.5,30018,6.08
bgV691xDEcg,Kolkata terminalğŸ”¥Holy table in Holy gameğŸ˜ğŸ˜œ @gamingpartha4533,"Mar 20, 2021",3504,178.7424,8,0.76,36412,6.45
mbBl73QiAvk,ğŸ”¥Look at my opponent ğŸ¤ªğŸ˜‚Real vs FakeğŸ˜­ | Carrom pool ğŸ”¥ Gaming partha,"Jun 17, 2021",4735,285.6548,8,1.106,32606,9.08
nn8HK-SWotM,Carrom Pool Live // Gaming Partha // Partha_9,"Aug 19, 2021",2835,339.699,8,0.746,31731,6.07
qcYPI1MmoyU,ğŸ”¥ Gaming Partha Live ğŸ‘‰Carrom Pool ğŸ”´Partha_9,"Jun 27, 2021",2711,216.1619,8,1.244,29965,6.98
s6sh-YOozRk,ğŸ”´ Carrom Pool Live ğŸ”¥ Gaming Partha ğŸ‘‰Partha_9,"Jun 23, 2021",2969,229.7796,8,0.635,34482,6.71
vF-m-Mc3EnY,Insane marble clash trick shotsğŸ”¥indirect shotsğŸ˜awesome finishingğŸ‘Š,"Feb 14, 2021",5689,241.2932,8,0.774,43865,8.7
3fOsoLdZp3o,ğŸ”¥Indirect gameplay ğŸ”¥carrom poolâœ“ğŸ˜ Mumbai Arena,"Jun 13, 2021",2039,55.2301,7,0.263,14673,6.94
6NxxiWEItak,How to play carrom pool ğŸ¤” carrom pool partha @gamingpartha4533,"Apr 19, 2021",2395,97.2774,7,0.545,31095,5.52
9ejbfDDOpig,ğŸ˜µDeadly indirect shotğŸ”¥ | Carrom pool | Gaming Partha #shorts #shortvideo,"Jul 18, 2021",5929,31.4462,7,0.267,18855,14.95
DTrwAyJb4Xo,Muhammad Hawaii vs Partha || 4M giveaway winners,"Aug 24, 2020",5149,220.2839,7,0.689,32110,11.43
F_if4EehdgI,This Shot is totallyğŸ˜±beyond imagination ğŸ’¥ğŸ¤¯Watch Now ğŸ”¥ Carrom Pool |  Gaming Partha,"Sep 25, 2021",4329,198.8821,7,0.951,27267,8.28
QQDoD-bmu7s,#shorts Lulu vs Fair ğŸ˜œ funny | carrom pool | gaming partha #carrompoolshorts,"Jul 2, 2021",3583,26.6018,7,0.162,10407,10.33
Vq0N0o8iNfc,ğŸ¤©My All Strikers collection ğŸ˜ | ID showcase | Carrom Pool | Gaming Partha,"Aug 19, 2021",4415,210.243,7,0.605,34614,7.99
ZBMzlr_Rzic,ğŸ˜Win every game | Useful tricks | Carrom pool | Gaming Partha,"Aug 11, 2021",3147,186.9631,7,0.502,36771,5.42
ie9OON69yYQ,All ğŸ¤¬SUSU opponents | Singapore gameplay | Carrom pool | Gaming Partha,"Jul 13, 2021",4948,365.4617,7,0.792,44269,7.04
umYtD26Z3K4,ğŸ’¥Master Mind MomentsğŸ’¥ Manali TragedyğŸ”¥â„ï¸ğŸ˜³ Carrom Pool | Gaming Partha,"Dec 31, 2021",3683,147.7425,7,0.676,27909,8.57
4Zp1ruF3Q1s,UNbelievable Trickshot || Carrom Pool//Impossible finish/Gaming Partha,"Oct 28, 2020",3968,230.7476,6,1.39,39195,6.04
8WBxu-gtPiY,Live Carrom Pool  | Partha Carrom Pool Live | Gaming Partha,"Jul 3, 2021",2349,247.8166,6,0.377,24541,6.96
9NuRA9E7BC8,UltrağŸ”¥ğŸ’¯ Legendary GAME'|Carrom Pool|Carrom Pool Partha,"Nov 29, 2022",1817,74.9134,6,0.459,13696,10.37
AWa7xwjg8NQ,ğŸ”¥PARTHA VS JAVED ğŸ˜Big match| Carrom pool|Gaming partha,"Jun 27, 2021",2540,149.5255,6,0.587,27823,6.37
FEtkXS5IK9c,ğŸ˜ˆ Killer GamePlay ğŸ”¥new style break to finish ğŸ¤«@gamingpartha4533,"Jun 11, 2021",1778,76.6431,6,0.219,15423,7.11
dMGl0jGvhjU,Carrom pool coins giveaway /winner ğŸ¥‡,"Aug 13, 2020",1480,32.8243,6,0.161,12648,6.71
2Na84WM5YcE,Gaming Partha Live Carrom Pool/Friendly Challenge â¤ï¸ğŸ˜Š,"Jan 11, 2021",4260,365.0555,5,1.055,34205,7.65
5EuRF-yW_uU,#shorts ğŸ’¥ Real Carrom Trick shot ğŸ˜ŒğŸ˜ Carrom Pool|Gaming Partha| Carrom board #shortvideo,"Oct 16, 2021",5001,18.8491,5,0,15731,7.84
7bOifudfCJo,ğŸ”¥Legendary gameplay ğŸ˜SCARAB+FLARE ğŸ”¥Must watch ğŸ¦¾Carrom pool | Gaming partha,"Jun 28, 2021",3755,217.5113,5,0.973,43715,5.91
QfgQdO0vT1w,ğŸ˜±ğŸ¤¯ Finally I use Luluâ€¼ï¸ Carrom Pool|Gaming Partha,"Nov 19, 2021",4189,197.2501,5,1.084,28856,9.05
eUDY3vbLwq8,OMG ğŸ¤¯ Impossible Trick shots ğŸ˜µ | Carrom pool | Gaming Partha,"Jul 26, 2021",4365,229.568,5,0.622,38836,7.54
g-tfOt0XiUQ,Live Carrom Pool ğŸ”´ | Gaming Partha | Carrom Pool,"Jul 2, 2021",2108,200.3819,5,3.001,25130,6.06
gbe89v43is8,New table ğŸµï¸cricket league /Carrom Pool Partha/Gaming Partha,"Oct 29, 2020",3298,148.0107,5,0.894,32420,6.23
x27-OlV6_9M,Carrom Pool Live/Partha,"Aug 25, 2020",4574,362.2378,5,0.785,38081,7.76
4KhV-TtKt48,Carrom Pool Live â–¶ï¸Partha,"Aug 18, 2020",3384,159.7724,4,0.416,25526,8.35
BzAyKrA-LpE,2 Most unpredictable break to finish of all timeğŸ˜³flashback/carrom pool/carrom tricks,"Jan 20, 2021",3933,228.2532,4,0.688,42890,5.44
DnclA1K0Mgc,Singapore ğŸ’¥Plaza ğŸ”¥ Extra ordinary B2F | Carrom Pool | Gaming Partha,"Oct 25, 2021",3888,196.2927,4,1.166,33050,7.85
IOfLnGywvpE,ğŸ’¥UNIQUE connection shotğŸ’¥incredible gameplayâœ¨Carrom pool,"Nov 27, 2020",3370,174.6149,4,0.957,31317,6.6
R07xP6YrIk4,Insane finishğŸ˜±amazing carrom pool gameplayğŸ”¥indirect shots,"Feb 13, 2021",2769,151.3427,4,0.608,31653,5.45
tgtxHsJlnp8,Don't lose hope! Be a champğŸ˜ğŸ’ªğŸ˜‰Carrom Pool amazing gameplay ğŸ†Gaming Partha,"Nov 9, 2020",3461,154.9657,4,0.796,36138,5.87
0pIv8EQdIlY,ğŸ”¥ LIVE Carrom Pool ğŸ”´ Gaming Partha||Partha_9,"Jun 26, 2021",855,34.6434,3,0.118,15164,3.64
FBOmwCoFWOs,FinallyğŸ’¥Madhu Pucks ğŸ˜³ UNLOCKED ğŸ”¥ Outstanding Gameplay | Carrom Pool | Gaming Partha,"Nov 12, 2021",3539,119.6708,3,0.913,24458,8.86
hMSX-vucuys,Same pocketğŸ’¥Two'TricksğŸ˜‰ Carrom Shot ğŸ¤¯ #shorts #shortvideo #gamingpartha #carrompool,"Nov 5, 2021",6718,33.0111,3,0.009,33324,8.59
u9X4iKhGwIk,ğŸ’¥ğŸ’¥Zuse striker Max ğŸ”¥ğŸ”¥ğŸ’¯ staggering games| Carrom Pool| Carrom Pool Partha,"Nov 26, 2022",2325,50.9899,3,0.522,23439,7.94
4H7zNBhZCjg,ğŸ˜±Panda ğŸ¼ pucks ğŸ’¥ I love that game ğŸ˜ Carrom King | Carrom Pool,"Oct 8, 2021",3533,115.9305,2,0.9,23460,10.07
EvjCxKSbtmg,Live Carrom Pool âœ… Gaming Partha âœ… Join Karo,"Jan 2, 2023",712,27.093,2,0.095,6056,7.51
qyWrmX2GTeI,Aim Carrom New Version âœ… Carrom Pool ğŸ‡®ğŸ‡³Carrom Pool Partha,"Jan 21, 2023",823,39.222,2,0.156,6260,9.35
sKS-dAAZPRg,Carrom pass unlock ğŸ·Music season ğŸ»ğŸ¸ğŸ¥Gaming Partha,"Jan 10, 2021",3877,146.5882,2,0.579,30069,7.79
tV1ggn4-ra0,ğŸ”¥ Finally ğŸ˜°ğŸ˜³ğŸ’¥ Carrom Pool âœ… Carrom Pool Partha,"Dec 8, 2022",2245,81.5421,2,0.498,17243,9.89
u3MLWcbDzOU,ğŸ’¥Unusual content ğŸ¤¯HARD shots ğŸ˜‰Amazing Carrom pool gamesğŸ’¥ Gaming Partha,"Nov 23, 2020",3593,172.024,2,0.583,31942,5.95
uVBXogGc1Os,ğŸ˜GIVEAWAY WINNER ANNOUNCEMENT â¤ï¸ carrom pool | Gaming Partha,"Jul 10, 2021",1805,34.0603,2,0.238,15355,7.3
8f5H1-3_zd0,Hard Carrom Pool gameplay ğŸ”¥see how I manage to finish those impossible gamesğŸ™„,"Oct 18, 2020",4870,270.7219,1,1.598,44434,6.75
AShf-50u9ns,Earn 200-500 Paytm ğŸ’²cash everyday ğŸ¤‘ Download Rummy Gold,"Jan 8, 2022",957,14.7876,1,0.295,15297,3.43
VCruydG8xx4,ğŸ¥¶ğŸ’¥Magical touchesğŸ’– Carrom Pool âœ… Carrom Pool Partha âœ… Gaming Partha #carrompool #carromdiscpool,"Jan 7, 2023",992,10.2635,1,0,5969,9.33
VvtYjLWEzP8,Earn Real Cash ğŸ’¸| Iss Game ko khelo !!ğŸ˜Play game and earn more!ğŸ˜± Gaming Partha,"Sep 22, 2021",816,20.0273,1,0.266,14560,3.05
iYIOZImpHx8,OMG shotsğŸ‘Œunbelievable finish ğŸ”¥carrom pool,"Jan 8, 2021",3229,118.0347,1,0.415,28715,6.83
qRVfbTIxJUc,ğŸ˜New doubles moodğŸ¥² Almost Impossible Finish ğŸ˜° Don't MissğŸ”¥ Carrom Pool âœ… Carrom Pool Partha,"Dec 5, 2022",1363,59.758,1,0.445,12156,8.2
A-b8PbwVk7k,Ab Ye kya hai?? ğŸ˜¡Miniclip error @gamingpartha4533,"Apr 23, 2021",5188,182.2937,0,0.987,44275,8.48
AMslGL9LgLw,ğŸ”´LIVE Carrom PoolğŸ”¥ Challenge Me ğŸ‘‰Partha_9,,228,5.3014,0,0.196,842,14.61
HYf7N66ZQLc,Hacking isn't over yet!ğŸ˜ˆCarrom pool/should add new features like 8 ball poolğŸ±,"Dec 13, 2020",3615,223.9184,0,1.109,33907,6.88
PaGX1CneC6E,Best finishesğŸ”¥Marble clash best shots/Gaming Partha,"Mar 2, 2021",2644,112.4816,0,0.415,32872,5.04
RbPZyclUf28,Opponent ğŸ˜­ Ridiculous Shot ğŸ¥±ğŸ¥´ | Carrom Pool | Gaming Partha,"Sep 29, 2021",2862,137.0387,0,0.599,21767,8.58
T415qJhPYhY,ğŸ”´LIVE STREAM CARROM POOL ğŸ”¥ gamingpartha /partha_9,,159,2.98,0,0.178,744,11.69
Ul1GGj-psNQ,Live Carrom Pool âœ… Carrom Pool Partha â¤ï¸ğŸ™,"Dec 28, 2022",821,53.8561,0,0.156,6456,8.52
YDBv5TEpU0s,I am trying to play Guitar!ğŸ˜,"Jun 3, 2021",1936,26.6027,0,0.267,13048,9.73
ih_z6wa1Q54,ğŸ¤©New Sparkle pucksğŸ’¥ğŸŒ€Swirl striker Unlocked âœ… Carrom Pool âœ… Carrom Pool Partha ğŸ‡®ğŸ‡³,"Jan 10, 2023",1549,41.0099,0,0.313,9667,12.13
hT9jVTVGwZ0,I finish the game with only indirect shots nonstop ğŸ˜‰ğŸ”¥carrom pool partha @gamingpartha4533,"Apr 10, 2021",4495,89.7653,-1,0.472,43562,7.13
6qafnSaqeTs,Unlock ğŸ”“ New Avatar âœ…Live Carrom Pool âœ… Gaming Partha,"Jan 13, 2023",625,24.0826,-2,0.069,4376,8.46
BzgKFF0DMfU,âœ… Live Carrom Pool âœ… Carrom Pool Partha â¤ï¸ğŸ™,"Dec 22, 2022",677,37.9269,-2,0.113,3343,10.59
G3B8foqusMM,ğŸ”´Live Carrom Pool | Carrom Pool | Gaming Partha,"Jun 30, 2021",1977,221.8604,-2,3.853,23681,5.81
Ltp5Y_ORN1E,Carrom Pool Partha Live Stream,"Nov 18, 2019",2327,63.2211,-2,0.447,35555,4.46
Mne9JF6dwLg,ğŸ‡®ğŸ‡³Absolutely Amazing gameplay ğŸ’¥ Difficult game changer | Carrom Pool|Gaming Partha,"Mar 13, 2022",3996,189.1973,-2,1.192,51214,5.53
RYp05w_VIZ0,ğŸ¤¯Impossible RedğŸ”´CoverğŸ’¥ Full Video ğŸ”¥ Must watch | Carrom Pool | Gaming Partha,"Sep 11, 2021",3116,145.5986,-2,0.592,26119,6.39
gvSeg4WB5Pk,Live Carrom Pool âœ…âœ”ï¸ Gaming Partha â¤ï¸Join Karo âœ…,"Jan 4, 2023",776,54.3173,-2,0.178,5655,9.62
kka7-tbwamM,Interesting gameplayğŸ¤”opponent does easy missğŸ˜‘carrom pool partha @gamingpartha4533,"Mar 24, 2021",2588,125.2157,-2,0.515,27266,6.32
topwtJ92k1g,âœ…Live Carrom Pool âœ… Carrom Pool Partha â¤ï¸,"Dec 23, 2022",920,50.4381,-2,0.169,5352,11.73
I2KPY90DJNY,Ace Unlock ğŸ”“ Live Carrom Pool ğŸ‡®ğŸ‡³ Carrom Pool Partha,"Jan 20, 2023",1025,38.3125,-3,0.126,7411,9.69
1dSZn2-n7n0,Crazy gameplayğŸ”¥Carrom pool parthağŸ˜ @gamingpartha4533,"Mar 15, 2021",2604,118.9494,-4,0.439,31093,5.42
RpeMsyBw9Kc,Play and Enjoy this Beautiful Gameâœ… Carrom Pool âœ… Carrom Pool Partha,"Dec 10, 2022",1705,57.3782,-4,0.39,13794,9.54
ZkIv15EzpEs,ğŸ’¥No Show off!!ğŸ˜’ğŸ‘ Only Logical gameplay ğŸ˜ğŸ’¥ | Carrom Pool | Gaming Partha,"Sep 21, 2021",2392,120.3051,-4,0.619,22623,5.78
u_usA-dwReI,Giveaway Winners ğŸŒ Carrom pool,"Nov 20, 2020",2184,26.0369,-4,0.357,17847,6.93
_t3dnfxRR4Q,Rummy Apna ğŸ’¥ Earn Money By playing ğŸ’¯ genuine Download now â€¼ï¸,"Mar 10, 2022",1221,20.3236,-5,1.044,28494,2.53
GINkFA4tmUA,20 Minutes Live Carrom pool,"Jun 4, 2021",1192,30.6604,-6,0.558,12344,6
fP0iR2JibDs,à¤‡à¤¸ App à¤¸à¥‡ à¤•à¤®à¤¾à¤“ ! 200- 500â‚¹ à¤ªà¥à¤°à¤¤à¤¿ à¤¦à¤¿à¤¨ ! New Best Earning App | Earn Money Online ğŸ’¥Teen patti,"Jun 20, 2022",1595,20.5149,-28,0.502,23700,5.12
o-MGyA-nKUs,ğŸ’¥ Stunning and Electrifying gameplayğŸŒ©ï¸ ğŸ˜¬ Gaming partha | Carrom pool,"Apr 1, 2022",5150,209.8353,-36,1.2,47340,8.3
